{
"type": "FeatureCollection",
"name": "yamuna_expressway_segments",
"crs": { "type": "name", "properties": { "name": "urn:ogc:def:crs:OGC:1.3:CRS84" } },
"features": [
{ "type": "Feature", "properties": { "segment_id": "YE_MAIN_SB_001", "source_edge_id": "1803900020_1803899939_0", "direction": "SB", "is_mainline": true, "is_ramp": false, "is_interchange_related": true, "interchange_name": "Greater Noida / Pari Chowk (Zero Point)", "chainage_start_km": 0.0, "chainage_end_km": 1.058, "length_m": 1058.239351416506, "road_class": "motorway", "name": "Yamuna Expressway", "lanes": 3.0, "maxspeed": 100.0, "start_node": "1803900020", "end_node": "sub_1803900020_1803899939_1", "subsegment_index": 0, "total_subsegments": 6 }, "geometry": { "type": "LineString", "coordinates": [ [ 77.4984506, 28.4479781 ], [ 77.4997088, 28.4464497 ], [ 77.5007226, 28.4450585 ], [ 77.501269, 28.4442553 ], [ 77.503895602730225, 28.439755726954072 ] ] } },
{ "type": "Feature", "properties": { "segment_id": "YE_MAIN_SB_002", "source_edge_id": "1803900020_1803899939_0", "direction": "SB", "is_mainline": true, "is_ramp": false, "is_interchange_related": true, "interchange_name": "Greater Noida / Pari Chowk (Zero Point)", "chainage_start_km": 1.058, "chainage_end_km": 2.116, "length_m": 1058.2393514167452, "road_class": "motorway", "name": "Yamuna Expressway", "lanes": 3.0, "maxspeed": 100.0, "start_node": "sub_1803900020_1803899939_1", "end_node": "sub_1803900020_1803899939_2", "subsegment_index": 1, "total_subsegments": 6 }, "geometry": { "type": "LineString", "coordinates": [ [ 77.503895602730225, 28.439755726954072 ], [ 77.505347700000016, 28.437268 ], [ 77.5080787, 28.432507 ], [ 77.5081679, 28.432339 ], [ 77.508795471204778, 28.431249755176012 ] ] } },
{ "type": "Feature", "properties": { "segment_id": "YE_MAIN_SB_003", "source_edge_id": "1803900020_1803899939_0", "direction": "SB", "is_mainline": true, "is_ramp": false, "is_interchange_related": false, "interchange_name": null, "chainage_start_km": 2.116, "chainage_end_km": 3.175, "length_m": 1058.2393514166008, "road_class": "motorway", "name": "Yamuna Expressway", "lanes": 3.0, "maxspeed": 100.0, "start_node": "sub_1803900020_1803899939_2", "end_node": "sub_1803900020_1803899939_3", "subsegment_index": 2, "total_subsegments": 6 }, "geometry": { "type": "LineString", "coordinates": [ [ 77.508795471204778, 28.431249755176012 ], [ 77.5098617, 28.4293991 ], [ 77.511036, 28.4273823 ], [ 77.5132389, 28.4225807 ], [ 77.513245953606443, 28.422563063261133 ] ] } },
{ "type": "Feature", "properties": { "segment_id": "YE_MAIN_SB_004", "source_edge_id": "1803900020_1803899939_0", "direction": "SB", "is_mainline": true, "is_ramp": false, "is_interchange_related": false, "interchange_name": null, "chainage_start_km": 3.175, "chainage_end_km": 4.233, "length_m": 1058.2393514165599, "road_class": "motorway", "name": "Yamuna Expressway", "lanes": 3.0, "maxspeed": 100.0, "start_node": "sub_1803900020_1803899939_3", "end_node": "sub_1803900020_1803899939_4", "subsegment_index": 3, "total_subsegments": 6 }, "geometry": { "type": "LineString", "coordinates": [ [ 77.513245953606443, 28.422563063261133 ], [ 77.5133662, 28.4222624 ], [ 77.5157632, 28.4162021 ], [ 77.5158962, 28.4158658 ], [ 77.5162951, 28.4149194 ], [ 77.5167282, 28.4139935 ], [ 77.516945097463562, 28.413599609229859 ] ] } },
{ "type": "Feature", "properties": { "segment_id": "YE_MAIN_SB_005", "source_edge_id": "1803900020_1803899939_0", "direction": "SB", "is_mainline": true, "is_ramp": false, "is_interchange_related": false, "interchange_name": null, "chainage_start_km": 4.233, "chainage_end_km": 5.291, "length_m": 1058.2393514162598, "road_class": "motorway", "name": "Yamuna Expressway", "lanes": 3.0, "maxspeed": 100.0, "start_node": "sub_1803900020_1803899939_4", "end_node": "sub_1803900020_1803899939_5", "subsegment_index": 4, "total_subsegments": 6 }, "geometry": { "type": "LineString", "coordinates": [ [ 77.516945097463562, 28.413599609229859 ], [ 77.5174838, 28.4126213 ], [ 77.5190728, 28.4095758 ], [ 77.521559033965843, 28.404970250894671 ] ] } },
{ "type": "Feature", "properties": { "segment_id": "YE_MAIN_SB_006", "source_edge_id": "1803900020_1803899939_0", "direction": "SB", "is_mainline": true, "is_ramp": false, "is_interchange_related": false, "interchange_name": null, "chainage_start_km": 5.291, "chainage_end_km": 6.349, "length_m": 1058.23935141677, "road_class": "motorway", "name": "Yamuna Expressway", "lanes": 3.0, "maxspeed": 100.0, "start_node": "sub_1803900020_1803899939_5", "end_node": "1803899939", "subsegment_index": 5, "total_subsegments": 6 }, "geometry": { "type": "LineString", "coordinates": [ [ 77.521559033965843, 28.404970250894671 ], [ 77.5246119, 28.3993145 ], [ 77.5258334, 28.3970206 ], [ 77.5259088, 28.3968791 ], [ 77.5261913, 28.3963485 ] ] } },
{ "type": "Feature", "properties": { "segment_id": "YE_MAIN_SB_007", "source_edge_id": "1803899939_1803899824_0", "direction": "SB", "is_mainline": true, "is_ramp": false, "is_interchange_related": false, "interchange_name": null, "chainage_start_km": 6.349, "chainage_end_km": 7.348, "length_m": 998.19262670171781, "road_class": "motorway", "name": "Yamuna Expressway", "lanes": 3.0, "maxspeed": 100.0, "start_node": "1803899939", "end_node": "sub_1803899939_1803899824_1", "subsegment_index": 0, "total_subsegments": 4 }, "geometry": { "type": "LineString", "coordinates": [ [ 77.5261913, 28.3963485 ], [ 77.528767800000011, 28.3915098 ], [ 77.5297805, 28.3895913 ], [ 77.5298586, 28.3894434 ], [ 77.5301684, 28.3888566 ], [ 77.530498577309061, 28.388190470408588 ] ] } },
{ "type": "Feature", "properties": { "segment_id": "YE_MAIN_SB_008", "source_edge_id": "1803899939_1803899824_0", "direction": "SB", "is_mainline": true, "is_ramp": false, "is_interchange_related": false, "interchange_name": null, "chainage_start_km": 7.348, "chainage_end_km": 8.346, "length_m": 998.19262670167552, "road_class": "motorway", "name": "Yamuna Expressway", "lanes": 3.0, "maxspeed": 100.0, "start_node": "sub_1803899939_1803899824_1", "end_node": "sub_1803899939_1803899824_2", "subsegment_index": 1, "total_subsegments": 4 }, "geometry": { "type": "LineString", "coordinates": [ [ 77.530498577309061, 28.388190470408588 ], [ 77.5305914, 28.3880032 ], [ 77.5311739, 28.3867563 ], [ 77.531647, 28.3855844 ], [ 77.5318217, 28.3850754 ], [ 77.5319425, 28.3847236 ], [ 77.5324222, 28.3833264 ], [ 77.5333993, 28.3801285 ], [ 77.533561838064372, 28.379614917121959 ] ] } },
{ "type": "Feature", "properties": { "segment_id": "YE_MAIN_SB_009", "source_edge_id": "1803899939_1803899824_0", "direction": "SB", "is_mainline": true, "is_ramp": false, "is_interchange_related": false, "interchange_name": null, "chainage_start_km": 8.346, "chainage_end_km": 9.344, "length_m": 998.19262670167575, "road_class": "motorway", "name": "Yamuna Expressway", "lanes": 3.0, "maxspeed": 100.0, "start_node": "sub_1803899939_1803899824_2", "end_node": "sub_1803899939_1803899824_3", "subsegment_index": 2, "total_subsegments": 4 }, "geometry": { "type": "LineString", "coordinates": [ [ 77.533561838064372, 28.379614917121959 ], [ 77.5335927, 28.3795174 ], [ 77.5341472, 28.3777657 ], [ 77.534346, 28.3771376 ], [ 77.5346919, 28.3760446 ], [ 77.5347519, 28.3758551 ], [ 77.5348652, 28.375497299999989 ], [ 77.5357519, 28.3726956 ], [ 77.5359209, 28.3721616 ], [ 77.536001200000015, 28.371904 ], [ 77.536300860143001, 28.370943320149021 ] ] } },
{ "type": "Feature", "properties": { "segment_id": "YE_MAIN_SB_010", "source_edge_id": "1803899939_1803899824_0", "direction": "SB", "is_mainline": true, "is_ramp": false, "is_interchange_related": false, "interchange_name": null, "chainage_start_km": 9.344, "chainage_end_km": 10.342, "length_m": 998.19262670170804, "road_class": "motorway", "name": "Yamuna Expressway", "lanes": 3.0, "maxspeed": 100.0, "start_node": "sub_1803899939_1803899824_3", "end_node": "1803899824", "subsegment_index": 3, "total_subsegments": 4 }, "geometry": { "type": "LineString", "coordinates": [ [ 77.536300860143001, 28.370943320149021 ], [ 77.5366155, 28.3699346 ], [ 77.5369966, 28.3687126 ], [ 77.538614, 28.3635269 ], [ 77.5387433, 28.3631123 ], [ 77.5388965, 28.3626209 ], [ 77.5390074, 28.3622638 ] ] } },
{ "type": "Feature", "properties": { "segment_id": "YE_MAIN_SB_011", "source_edge_id": "1803899824_1803899773_0", "direction": "SB", "is_mainline": true, "is_ramp": false, "is_interchange_related": false, "interchange_name": null, "chainage_start_km": 10.342, "chainage_end_km": 11.251, "length_m": 908.991581849044, "road_class": "motorway", "name": "Yamuna Expressway", "lanes": 3.0, "maxspeed": 100.0, "start_node": "1803899824", "end_node": "sub_1803899824_1803899773_1", "subsegment_index": 0, "total_subsegments": 5 }, "geometry": { "type": "LineString", "coordinates": [ [ 77.5390074, 28.3622638 ], [ 77.5405873, 28.3571786 ], [ 77.5406998, 28.3568166 ], [ 77.541463704051338, 28.354357915917568 ] ] } },
{ "type": "Feature", "properties": { "segment_id": "YE_MAIN_SB_012", "source_edge_id": "1803899824_1803899773_0", "direction": "SB", "is_mainline": true, "is_ramp": false, "is_interchange_related": false, "interchange_name": null, "chainage_start_km": 11.251, "chainage_end_km": 12.16, "length_m": 908.99158184884959, "road_class": "motorway", "name": "Yamuna Expressway", "lanes": 3.0, "maxspeed": 100.0, "start_node": "sub_1803899824_1803899773_1", "end_node": "sub_1803899824_1803899773_2", "subsegment_index": 1, "total_subsegments": 5 }, "geometry": { "type": "LineString", "coordinates": [ [ 77.541463704051338, 28.354357915917568 ], [ 77.5415864, 28.353963 ], [ 77.541658, 28.3537341 ], [ 77.5417482, 28.353446 ], [ 77.543936307011876, 28.346456058559667 ] ] } },
{ "type": "Feature", "properties": { "segment_id": "YE_MAIN_SB_013", "source_edge_id": "1803899824_1803899773_0", "direction": "SB", "is_mainline": true, "is_ramp": false, "is_interchange_related": false, "interchange_name": null, "chainage_start_km": 12.16, "chainage_end_km": 13.069, "length_m": 908.99158184900568, "road_class": "motorway", "name": "Yamuna Expressway", "lanes": 3.0, "maxspeed": 100.0, "start_node": "sub_1803899824_1803899773_2", "end_node": "sub_1803899824_1803899773_3", "subsegment_index": 2, "total_subsegments": 5 }, "geometry": { "type": "LineString", "coordinates": [ [ 77.543936307011876, 28.346456058559667 ], [ 77.544175, 28.3456935 ], [ 77.5463743, 28.3386406 ], [ 77.546401781073527, 28.33855250673221 ] ] } },
{ "type": "Feature", "properties": { "segment_id": "YE_MAIN_SB_014", "source_edge_id": "1803899824_1803899773_0", "direction": "SB", "is_mainline": true, "is_ramp": false, "is_interchange_related": false, "interchange_name": null, "chainage_start_km": 13.069, "chainage_end_km": 13.978, "length_m": 908.9915818486985, "road_class": "motorway", "name": "Yamuna Expressway", "lanes": 3.0, "maxspeed": 100.0, "start_node": "sub_1803899824_1803899773_3", "end_node": "sub_1803899824_1803899773_4", "subsegment_index": 3, "total_subsegments": 5 }, "geometry": { "type": "LineString", "coordinates": [ [ 77.546401781073527, 28.33855250673221 ], [ 77.5465134, 28.3381947 ], [ 77.5475098, 28.3349991 ], [ 77.54888322109835, 28.330652928821038 ] ] } },
{ "type": "Feature", "properties": { "segment_id": "YE_MAIN_SB_015", "source_edge_id": "1803899824_1803899773_0", "direction": "SB", "is_mainline": true, "is_ramp": false, "is_interchange_related": false, "interchange_name": null, "chainage_start_km": 13.978, "chainage_end_km": 14.887, "length_m": 908.99158184918952, "road_class": "motorway", "name": "Yamuna Expressway", "lanes": 3.0, "maxspeed": 100.0, "start_node": "sub_1803899824_1803899773_4", "end_node": "1803899773", "subsegment_index": 4, "total_subsegments": 5 }, "geometry": { "type": "LineString", "coordinates": [ [ 77.54888322109835, 28.330652928821038 ], [ 77.5502182, 28.3264281 ], [ 77.5506497, 28.3250472 ], [ 77.5507693, 28.3246645 ], [ 77.5513663, 28.3227538 ] ] } },
{ "type": "Feature", "properties": { "segment_id": "YE_MAIN_SB_016", "source_edge_id": "1803899773_1803899734_0", "direction": "SB", "is_mainline": true, "is_ramp": false, "is_interchange_related": false, "interchange_name": null, "chainage_start_km": 14.887, "chainage_end_km": 16.008, "length_m": 1120.402240335291, "road_class": "motorway", "name": "Yamuna Expressway", "lanes": 3.0, "maxspeed": 100.0, "start_node": "1803899773", "end_node": "sub_1803899773_1803899734_1", "subsegment_index": 0, "total_subsegments": 3 }, "geometry": { "type": "LineString", "coordinates": [ [ 77.5513663, 28.3227538 ], [ 77.553175300000021, 28.3169644 ], [ 77.554412454485444, 28.313014029018827 ] ] } },
{ "type": "Feature", "properties": { "segment_id": "YE_MAIN_SB_017", "source_edge_id": "1803899773_1803899734_0", "direction": "SB", "is_mainline": true, "is_ramp": false, "is_interchange_related": false, "interchange_name": null, "chainage_start_km": 16.008, "chainage_end_km": 17.128, "length_m": 1120.4022403352346, "road_class": "motorway", "name": "Yamuna Expressway", "lanes": 3.0, "maxspeed": 100.0, "start_node": "sub_1803899773_1803899734_1", "end_node": "sub_1803899773_1803899734_2", "subsegment_index": 1, "total_subsegments": 3 }, "geometry": { "type": "LineString", "coordinates": [ [ 77.554412454485444, 28.313014029018827 ], [ 77.5547674, 28.3118806 ], [ 77.5548958, 28.3114707 ], [ 77.5559666, 28.3080514 ], [ 77.55744381898154, 28.303270734164787 ] ] } },
{ "type": "Feature", "properties": { "segment_id": "YE_MAIN_SB_018", "source_edge_id": "1803899773_1803899734_0", "direction": "SB", "is_mainline": true, "is_ramp": false, "is_interchange_related": false, "interchange_name": null, "chainage_start_km": 17.128, "chainage_end_km": 18.248, "length_m": 1120.40224033499, "road_class": "motorway", "name": "Yamuna Expressway", "lanes": 3.0, "maxspeed": 100.0, "start_node": "sub_1803899773_1803899734_2", "end_node": "1803899734", "subsegment_index": 2, "total_subsegments": 3 }, "geometry": { "type": "LineString", "coordinates": [ [ 77.55744381898154, 28.303270734164787 ], [ 77.5578198, 28.3020539 ], [ 77.5580086, 28.3014427 ], [ 77.5593198, 28.297199 ], [ 77.5604702, 28.2935263 ] ] } },
{ "type": "Feature", "properties": { "segment_id": "YE_MAIN_SB_019", "source_edge_id": "1803899734_13957484183_0", "direction": "SB", "is_mainline": true, "is_ramp": false, "is_interchange_related": false, "interchange_name": null, "chainage_start_km": 18.248, "chainage_end_km": 19.471, "length_m": 1222.9053899336714, "road_class": "motorway", "name": "Yamuna Expressway", "lanes": 3.0, "maxspeed": 100.0, "start_node": "1803899734", "end_node": "13957484183", "subsegment_index": 0, "total_subsegments": 1 }, "geometry": { "type": "LineString", "coordinates": [ [ 77.5604702, 28.2935263 ], [ 77.5606184, 28.2930532 ], [ 77.560677, 28.2928661 ], [ 77.5623967, 28.2873758 ], [ 77.563806, 28.2828984 ] ] } },
{ "type": "Feature", "properties": { "segment_id": "YE_MAIN_SB_020", "source_edge_id": "13957484183_13957502139_0", "direction": "SB", "is_mainline": true, "is_ramp": false, "is_interchange_related": false, "interchange_name": null, "chainage_start_km": 19.471, "chainage_end_km": 20.489, "length_m": 1017.6862962364471, "road_class": "motorway", "name": "Yamuna Expressway", "lanes": 3.0, "maxspeed": 100.0, "start_node": "13957484183", "end_node": "sub_13957484183_13957502139_1", "subsegment_index": 0, "total_subsegments": 6 }, "geometry": { "type": "LineString", "coordinates": [ [ 77.563806, 28.2828984 ], [ 77.5643472, 28.281167 ], [ 77.5644974, 28.280689 ], [ 77.5661816, 28.2753577 ], [ 77.5664008, 28.2747105 ], [ 77.56660616653491, 28.274060159947418 ] ] } },
{ "type": "Feature", "properties": { "segment_id": "YE_MAIN_SB_021", "source_edge_id": "13957484183_13957502139_0", "direction": "SB", "is_mainline": true, "is_ramp": false, "is_interchange_related": false, "interchange_name": null, "chainage_start_km": 20.489, "chainage_end_km": 21.507, "length_m": 1017.6862962359371, "road_class": "motorway", "name": "Yamuna Expressway", "lanes": 3.0, "maxspeed": 100.0, "start_node": "sub_13957484183_13957502139_1", "end_node": "sub_13957484183_13957502139_2", "subsegment_index": 1, "total_subsegments": 6 }, "geometry": { "type": "LineString", "coordinates": [ [ 77.56660616653491, 28.274060159947418 ], [ 77.5666539, 28.273909 ], [ 77.5667754, 28.2735262 ], [ 77.566927, 28.2729979 ], [ 77.5671264, 28.2722532 ], [ 77.5672522, 28.2717329 ], [ 77.5674445, 28.2707998 ], [ 77.567544, 28.2703427 ], [ 77.5677495, 28.2691672 ], [ 77.567906, 28.2681185 ], [ 77.5679913, 28.267242 ], [ 77.5680519, 28.2665474 ], [ 77.5681015, 28.2659737 ], [ 77.5681052, 28.2657737 ], [ 77.56812398319552, 28.265004706167133 ] ] } },
{ "type": "Feature", "properties": { "segment_id": "YE_MAIN_SB_022", "source_edge_id": "13957484183_13957502139_0", "direction": "SB", "is_mainline": true, "is_ramp": false, "is_interchange_related": false, "interchange_name": null, "chainage_start_km": 21.507, "chainage_end_km": 22.524, "length_m": 1017.6862962362055, "road_class": "motorway", "name": "Yamuna Expressway", "lanes": 3.0, "maxspeed": 100.0, "start_node": "sub_13957484183_13957502139_2", "end_node": "sub_13957484183_13957502139_3", "subsegment_index": 2, "total_subsegments": 6 }, "geometry": { "type": "LineString", "coordinates": [ [ 77.56812398319552, 28.265004706167133 ], [ 77.5681354, 28.2645373 ], [ 77.5681523, 28.2630189 ], [ 77.5682055, 28.2588876 ], [ 77.568243411325099, 28.255825928899089 ] ] } },
{ "type": "Feature", "properties": { "segment_id": "YE_MAIN_SB_023", "source_edge_id": "13957484183_13957502139_0", "direction": "SB", "is_mainline": true, "is_ramp": false, "is_interchange_related": false, "interchange_name": null, "chainage_start_km": 22.524, "chainage_end_km": 23.542, "length_m": 1017.6862962362677, "road_class": "motorway", "name": "Yamuna Expressway", "lanes": 3.0, "maxspeed": 100.0, "start_node": "sub_13957484183_13957502139_3", "end_node": "sub_13957484183_13957502139_4", "subsegment_index": 3, "total_subsegments": 6 }, "geometry": { "type": "LineString", "coordinates": [ [ 77.568243411325099, 28.255825928899089 ], [ 77.568252900000019, 28.2550597 ], [ 77.5682552, 28.2547024 ], [ 77.5682513, 28.2540941 ], [ 77.5681907, 28.2530416 ], [ 77.5681167, 28.2514693 ], [ 77.5681413, 28.2500926 ], [ 77.56821949165311, 28.246650167001444 ] ] } },
{ "type": "Feature", "properties": { "segment_id": "YE_MAIN_SB_024", "source_edge_id": "13957484183_13957502139_0", "direction": "SB", "is_mainline": true, "is_ramp": false, "is_interchange_related": false, "interchange_name": null, "chainage_start_km": 23.542, "chainage_end_km": 24.56, "length_m": 1017.6862962363729, "road_class": "motorway", "name": "Yamuna Expressway", "lanes": 3.0, "maxspeed": 100.0, "start_node": "sub_13957484183_13957502139_4", "end_node": "sub_13957484183_13957502139_5", "subsegment_index": 4, "total_subsegments": 6 }, "geometry": { "type": "LineString", "coordinates": [ [ 77.56821949165311, 28.246650167001444 ], [ 77.5682969, 28.2432424 ], [ 77.5683057, 28.2392711 ], [ 77.5682429, 28.2381881 ], [ 77.5682427, 28.2379977 ], [ 77.568238014578526, 28.237472873087789 ] ] } },
{ "type": "Feature", "properties": { "segment_id": "YE_MAIN_SB_025", "source_edge_id": "13957484183_13957502139_0", "direction": "SB", "is_mainline": true, "is_ramp": false, "is_interchange_related": false, "interchange_name": null, "chainage_start_km": 24.56, "chainage_end_km": 25.577, "length_m": 1017.6862962363165, "road_class": "motorway", "name": "Yamuna Expressway", "lanes": 3.0, "maxspeed": 100.0, "start_node": "sub_13957484183_13957502139_5", "end_node": "13957502139", "subsegment_index": 5, "total_subsegments": 6 }, "geometry": { "type": "LineString", "coordinates": [ [ 77.568238014578526, 28.237472873087789 ], [ 77.5682275, 28.236295 ], [ 77.5682046, 28.2295176 ], [ 77.5682004, 28.2282935 ] ] } },
{ "type": "Feature", "properties": { "segment_id": "YE_MAIN_SB_026", "source_edge_id": "13957502139_11925300748_0", "direction": "SB", "is_mainline": true, "is_ramp": false, "is_interchange_related": false, "interchange_name": null, "chainage_start_km": 25.577, "chainage_end_km": 26.236, "length_m": 659.04859727227995, "road_class": "motorway", "name": "Yamuna Expressway", "lanes": 3.0, "maxspeed": 100.0, "start_node": "13957502139", "end_node": "11925300748", "subsegment_index": 0, "total_subsegments": 1 }, "geometry": { "type": "LineString", "coordinates": [ [ 77.5682004, 28.2282935 ], [ 77.5681964, 28.2270969 ], [ 77.568210300000018, 28.2255944 ], [ 77.568212, 28.2255051 ], [ 77.5682151, 28.222349 ] ] } },
{ "type": "Feature", "properties": { "segment_id": "YE_MAIN_SB_027", "source_edge_id": "11925300748_11928259953_0", "direction": "SB", "is_mainline": true, "is_ramp": false, "is_interchange_related": false, "interchange_name": null, "chainage_start_km": 26.236, "chainage_end_km": 27.316, "length_m": 1079.6917625921205, "road_class": "motorway", "name": "Yamuna Expressway", "lanes": 3.0, "maxspeed": 100.0, "start_node": "11925300748", "end_node": "sub_11925300748_11928259953_1", "subsegment_index": 0, "total_subsegments": 3 }, "geometry": { "type": "LineString", "coordinates": [ [ 77.5682151, 28.222349 ], [ 77.5682108, 28.2221924 ], [ 77.5682777, 28.2210665 ], [ 77.5682755, 28.2206033 ], [ 77.5682723, 28.2199321 ], [ 77.5682101, 28.2188828 ], [ 77.5682482, 28.2134717 ], [ 77.568248818889316, 28.212613415759659 ] ] } },
{ "type": "Feature", "properties": { "segment_id": "YE_MAIN_SB_028", "source_edge_id": "11925300748_11928259953_0", "direction": "SB", "is_mainline": true, "is_ramp": false, "is_interchange_related": false, "interchange_name": null, "chainage_start_km": 27.316, "chainage_end_km": 28.396, "length_m": 1079.69176259234, "road_class": "motorway", "name": "Yamuna Expressway", "lanes": 3.0, "maxspeed": 100.0, "start_node": "sub_11925300748_11928259953_1", "end_node": "sub_11925300748_11928259953_2", "subsegment_index": 1, "total_subsegments": 3 }, "geometry": { "type": "LineString", "coordinates": [ [ 77.568248818889316, 28.212613415759659 ], [ 77.5682537, 28.2058714 ], [ 77.5682538, 28.2056751 ], [ 77.5682546, 28.2045534 ], [ 77.568254149419531, 28.202874655409023 ] ] } },
{ "type": "Feature", "properties": { "segment_id": "YE_MAIN_SB_029", "source_edge_id": "11925300748_11928259953_0", "direction": "SB", "is_mainline": true, "is_ramp": false, "is_interchange_related": false, "interchange_name": null, "chainage_start_km": 28.396, "chainage_end_km": 29.476, "length_m": 1079.6917625924268, "road_class": "motorway", "name": "Yamuna Expressway", "lanes": 3.0, "maxspeed": 100.0, "start_node": "sub_11925300748_11928259953_2", "end_node": "11928259953", "subsegment_index": 2, "total_subsegments": 3 }, "geometry": { "type": "LineString", "coordinates": [ [ 77.568254149419531, 28.202874655409023 ], [ 77.5682534, 28.2000641 ], [ 77.56825, 28.1993195 ], [ 77.5682227, 28.1978867 ], [ 77.5681997, 28.1973082 ], [ 77.5681924, 28.1971251 ], [ 77.5681012, 28.1948357 ], [ 77.5680505, 28.1931609 ], [ 77.5680498, 28.1931386 ] ] } },
{ "type": "Feature", "properties": { "segment_id": "YE_MAIN_SB_030", "source_edge_id": "11928259953_13138278575_0", "direction": "SB", "is_mainline": true, "is_ramp": false, "is_interchange_related": false, "interchange_name": null, "chainage_start_km": 29.476, "chainage_end_km": 30.542, "length_m": 1066.7470241302497, "road_class": "motorway", "name": "Yamuna Expressway", "lanes": 3.0, "maxspeed": 100.0, "start_node": "11928259953", "end_node": "sub_11928259953_13138278575_1", "subsegment_index": 0, "total_subsegments": 2 }, "geometry": { "type": "LineString", "coordinates": [ [ 77.5680498, 28.1931386 ], [ 77.5680014, 28.1915384 ], [ 77.5678885, 28.1902682 ], [ 77.5677304, 28.189209 ], [ 77.5675316, 28.1880821 ], [ 77.567256, 28.1869153 ], [ 77.566785700000011, 28.1850639 ], [ 77.566655900000015, 28.1845528 ], [ 77.5665874, 28.1842832 ], [ 77.566443266338453, 28.18364780928135 ] ] } },
{ "type": "Feature", "properties": { "segment_id": "YE_MAIN_SB_031", "source_edge_id": "11928259953_13138278575_0", "direction": "SB", "is_mainline": true, "is_ramp": false, "is_interchange_related": false, "interchange_name": null, "chainage_start_km": 30.542, "chainage_end_km": 31.609, "length_m": 1066.747024130098, "road_class": "motorway", "name": "Yamuna Expressway", "lanes": 3.0, "maxspeed": 100.0, "start_node": "sub_11928259953_13138278575_1", "end_node": "13138278575", "subsegment_index": 1, "total_subsegments": 2 }, "geometry": { "type": "LineString", "coordinates": [ [ 77.566443266338453, 28.18364780928135 ], [ 77.5663293, 28.1831454 ], [ 77.566243, 28.1825653 ], [ 77.56616, 28.1818754 ], [ 77.5660929, 28.1810616 ], [ 77.566082, 28.1803322 ], [ 77.566064, 28.1796154 ], [ 77.566082, 28.1790898 ], [ 77.5661182, 28.1786199 ], [ 77.5661724, 28.1779827 ], [ 77.5662718, 28.1771384 ], [ 77.5664435, 28.1761309 ], [ 77.5666422, 28.1752707 ], [ 77.5668582, 28.1743491 ], [ 77.5668951, 28.1742059 ], [ 77.5669269, 28.1741116 ] ] } },
{ "type": "Feature", "properties": { "segment_id": "YE_MAIN_SB_032", "source_edge_id": "13138278575_13138278579_0", "direction": "SB", "is_mainline": true, "is_ramp": false, "is_interchange_related": false, "interchange_name": null, "chainage_start_km": 31.609, "chainage_end_km": 31.912, "length_m": 303.1661964726257, "road_class": "motorway", "name": "Yamuna Expressway", "lanes": 3.0, "maxspeed": 100.0, "start_node": "13138278575", "end_node": "13138278579", "subsegment_index": 0, "total_subsegments": 1 }, "geometry": { "type": "LineString", "coordinates": [ [ 77.5669269, 28.1741116 ], [ 77.5672148, 28.1732576 ], [ 77.5674277, 28.1724186 ], [ 77.5676402, 28.1717031 ], [ 77.5676731, 28.17158 ], [ 77.5677035, 28.1714662 ] ] } },
{ "type": "Feature", "properties": { "segment_id": "YE_MAIN_SB_033", "source_edge_id": "13138278579_1807923196_0", "direction": "SB", "is_mainline": true, "is_ramp": false, "is_interchange_related": false, "interchange_name": null, "chainage_start_km": 31.912, "chainage_end_km": 31.942, "length_m": 30.282178505001458, "road_class": "motorway", "name": "Yamuna Expressway", "lanes": 3.0, "maxspeed": 100.0, "start_node": "13138278579", "end_node": "1807923196", "subsegment_index": 0, "total_subsegments": 1 }, "geometry": { "type": "LineString", "coordinates": [ [ 77.5677035, 28.1714662 ], [ 77.5677745, 28.1712004 ] ] } },
{ "type": "Feature", "properties": { "segment_id": "YE_MAIN_SB_034", "source_edge_id": "1807923196_13138278586_0", "direction": "SB", "is_mainline": true, "is_ramp": false, "is_interchange_related": false, "interchange_name": null, "chainage_start_km": 31.942, "chainage_end_km": 32.403, "length_m": 460.82141594824327, "road_class": "motorway", "name": "Yamuna Expressway", "lanes": 3.0, "maxspeed": 100.0, "start_node": "1807923196", "end_node": "13138278586", "subsegment_index": 0, "total_subsegments": 1 }, "geometry": { "type": "LineString", "coordinates": [ [ 77.5677745, 28.1712004 ], [ 77.5677975, 28.1711123 ], [ 77.567905, 28.1706997 ], [ 77.5681789, 28.1694733 ], [ 77.5684638, 28.1680513 ], [ 77.5686521, 28.1671178 ] ] } },
{ "type": "Feature", "properties": { "segment_id": "YE_MAIN_SB_035", "source_edge_id": "13138278586_1807923129_0", "direction": "SB", "is_mainline": true, "is_ramp": false, "is_interchange_related": false, "interchange_name": null, "chainage_start_km": 32.403, "chainage_end_km": 33.735, "length_m": 1331.8270457366086, "road_class": "motorway", "name": "Yamuna Expressway", "lanes": 3.0, "maxspeed": 100.0, "start_node": "13138278586", "end_node": "1807923129", "subsegment_index": 0, "total_subsegments": 1 }, "geometry": { "type": "LineString", "coordinates": [ [ 77.5686521, 28.1671178 ], [ 77.5688785, 28.1659952 ], [ 77.5694412, 28.1634637 ], [ 77.5695319, 28.1630139 ], [ 77.569884, 28.1612677 ], [ 77.5710413, 28.1555192 ], [ 77.5710854, 28.1553002 ] ] } },
{ "type": "Feature", "properties": { "segment_id": "YE_MAIN_SB_036", "source_edge_id": "1807923129_6173815411_0", "direction": "SB", "is_mainline": true, "is_ramp": false, "is_interchange_related": false, "interchange_name": null, "chainage_start_km": 33.735, "chainage_end_km": 34.947, "length_m": 1212.1485775105552, "road_class": "motorway", "name": "Yamuna Expressway", "lanes": 3.0, "maxspeed": 100.0, "start_node": "1807923129", "end_node": "6173815411", "subsegment_index": 0, "total_subsegments": 1 }, "geometry": { "type": "LineString", "coordinates": [ [ 77.5710854, 28.1553002 ], [ 77.5714387, 28.1535455 ], [ 77.5715332, 28.1529749 ], [ 77.5721772, 28.1482561 ], [ 77.5727013, 28.1444632 ] ] } },
{ "type": "Feature", "properties": { "segment_id": "YE_MAIN_SB_037", "source_edge_id": "6173815411_3758249714_0", "direction": "SB", "is_mainline": true, "is_ramp": false, "is_interchange_related": false, "interchange_name": null, "chainage_start_km": 34.947, "chainage_end_km": 35.013, "length_m": 65.865693471643795, "road_class": "motorway", "name": "Yamuna Expressway", "lanes": 3.0, "maxspeed": 100.0, "start_node": "6173815411", "end_node": "3758249714", "subsegment_index": 0, "total_subsegments": 1 }, "geometry": { "type": "LineString", "coordinates": [ [ 77.5727013, 28.1444632 ], [ 77.5727828, 28.1438735 ] ] } },
{ "type": "Feature", "properties": { "segment_id": "YE_MAIN_SB_038", "source_edge_id": "3758249714_11885769670_0", "direction": "SB", "is_mainline": true, "is_ramp": false, "is_interchange_related": false, "interchange_name": null, "chainage_start_km": 35.013, "chainage_end_km": 36.173, "length_m": 1160.2143836941382, "road_class": "motorway", "name": "Yamuna Expressway", "lanes": 3.0, "maxspeed": 100.0, "start_node": "3758249714", "end_node": "11885769670", "subsegment_index": 0, "total_subsegments": 1 }, "geometry": { "type": "LineString", "coordinates": [ [ 77.5727828, 28.1438735 ], [ 77.5732481, 28.1405061 ], [ 77.5733992, 28.1393928 ], [ 77.5737214, 28.1370193 ], [ 77.573848, 28.1360864 ], [ 77.5741323, 28.1342441 ], [ 77.5741869, 28.1338906 ], [ 77.5742488, 28.1334896 ] ] } },
{ "type": "Feature", "properties": { "segment_id": "YE_MAIN_SB_039", "source_edge_id": "11885769670_13957508671_0", "direction": "SB", "is_mainline": true, "is_ramp": false, "is_interchange_related": false, "interchange_name": null, "chainage_start_km": 36.173, "chainage_end_km": 37.124, "length_m": 950.74027850967525, "road_class": "motorway", "name": "Yamuna Expressway", "lanes": 3.0, "maxspeed": 100.0, "start_node": "11885769670", "end_node": "sub_11885769670_13957508671_1", "subsegment_index": 0, "total_subsegments": 2 }, "geometry": { "type": "LineString", "coordinates": [ [ 77.5742488, 28.1334896 ], [ 77.574907600000017, 28.1292204 ], [ 77.5752526, 28.1271314 ], [ 77.575321, 28.126717 ], [ 77.5755732, 28.1251903 ], [ 77.575601470888699, 28.124998279171422 ] ] } },
{ "type": "Feature", "properties": { "segment_id": "YE_MAIN_SB_040", "source_edge_id": "11885769670_13957508671_0", "direction": "SB", "is_mainline": true, "is_ramp": false, "is_interchange_related": false, "interchange_name": null, "chainage_start_km": 37.124, "chainage_end_km": 38.075, "length_m": 950.74027851010499, "road_class": "motorway", "name": "Yamuna Expressway", "lanes": 3.0, "maxspeed": 100.0, "start_node": "sub_11885769670_13957508671_1", "end_node": "13957508671", "subsegment_index": 1, "total_subsegments": 2 }, "geometry": { "type": "LineString", "coordinates": [ [ 77.575601470888699, 28.124998279171422 ], [ 77.5757325, 28.1241083 ], [ 77.575758, 28.1239605 ], [ 77.5757699, 28.1238537 ], [ 77.5758684, 28.1229703 ], [ 77.5759596, 28.1218529 ], [ 77.5759851, 28.121209 ], [ 77.5759745, 28.1198294 ], [ 77.5759681, 28.1196872 ], [ 77.5759596, 28.1192454 ], [ 77.5757547, 28.1172068 ], [ 77.5757178, 28.116449 ] ] } },
{ "type": "Feature", "properties": { "segment_id": "YE_MAIN_SB_041", "source_edge_id": "13957508671_13957508677_0", "direction": "SB", "is_mainline": true, "is_ramp": false, "is_interchange_related": false, "interchange_name": null, "chainage_start_km": 38.075, "chainage_end_km": 38.583, "length_m": 508.20328986221415, "road_class": "motorway", "name": "Yamuna Expressway", "lanes": 3.0, "maxspeed": 100.0, "start_node": "13957508671", "end_node": "13957508677", "subsegment_index": 0, "total_subsegments": 1 }, "geometry": { "type": "LineString", "coordinates": [ [ 77.5757178, 28.116449 ], [ 77.5756794, 28.1156618 ], [ 77.575474, 28.114229 ], [ 77.5750014, 28.1125256 ], [ 77.57496, 28.1123826 ], [ 77.5748459, 28.111944199999989 ] ] } },
{ "type": "Feature", "properties": { "segment_id": "YE_MAIN_SB_042", "source_edge_id": "13957508677_13957507398_0", "direction": "SB", "is_mainline": true, "is_ramp": false, "is_interchange_related": false, "interchange_name": null, "chainage_start_km": 38.583, "chainage_end_km": 39.566, "length_m": 983.06120015426063, "road_class": "motorway", "name": "Yamuna Expressway", "lanes": 3.0, "maxspeed": 100.0, "start_node": "13957508677", "end_node": "sub_13957508677_13957507398_1", "subsegment_index": 0, "total_subsegments": 6 }, "geometry": { "type": "LineString", "coordinates": [ [ 77.5748459, 28.111944199999989 ], [ 77.5745354, 28.1106938 ], [ 77.5742899, 28.1096098 ], [ 77.5740478, 28.108082 ], [ 77.573847, 28.1070083 ], [ 77.573407, 28.1046431 ], [ 77.573386600000021, 28.1045335 ], [ 77.5732736, 28.103926 ], [ 77.5732645, 28.1038772 ], [ 77.5732346, 28.1037162 ], [ 77.573140344215872, 28.103209544896433 ] ] } },
{ "type": "Feature", "properties": { "segment_id": "YE_MAIN_SB_043", "source_edge_id": "13957508677_13957507398_0", "direction": "SB", "is_mainline": true, "is_ramp": false, "is_interchange_related": false, "interchange_name": null, "chainage_start_km": 39.566, "chainage_end_km": 40.549, "length_m": 983.06120015431702, "road_class": "motorway", "name": "Yamuna Expressway", "lanes": 3.0, "maxspeed": 100.0, "start_node": "sub_13957508677_13957507398_1", "end_node": "sub_13957508677_13957507398_2", "subsegment_index": 1, "total_subsegments": 6 }, "geometry": { "type": "LineString", "coordinates": [ [ 77.573140344215872, 28.103209544896433 ], [ 77.572847300000021, 28.1016343 ], [ 77.5719509, 28.096804 ], [ 77.5719318, 28.0967013 ], [ 77.57187, 28.0963681 ], [ 77.5715338, 28.0945067 ], [ 77.571524757316467, 28.094458793385627 ] ] } },
{ "type": "Feature", "properties": { "segment_id": "YE_MAIN_SB_044", "source_edge_id": "13957508677_13957507398_0", "direction": "SB", "is_mainline": true, "is_ramp": false, "is_interchange_related": false, "interchange_name": null, "chainage_start_km": 40.549, "chainage_end_km": 41.532, "length_m": 983.06120015454212, "road_class": "motorway", "name": "Yamuna Expressway", "lanes": 3.0, "maxspeed": 100.0, "start_node": "sub_13957508677_13957507398_2", "end_node": "sub_13957508677_13957507398_3", "subsegment_index": 2, "total_subsegments": 6 }, "geometry": { "type": "LineString", "coordinates": [ [ 77.571524757316467, 28.094458793385627 ], [ 77.5711267, 28.0923499 ], [ 77.5705148, 28.0891081 ], [ 77.570111267581652, 28.08568460866854 ] ] } },
{ "type": "Feature", "properties": { "segment_id": "YE_MAIN_SB_045", "source_edge_id": "13957508677_13957507398_0", "direction": "SB", "is_mainline": true, "is_ramp": false, "is_interchange_related": false, "interchange_name": null, "chainage_start_km": 41.532, "chainage_end_km": 42.515, "length_m": 983.06120015430088, "road_class": "motorway", "name": "Yamuna Expressway", "lanes": 3.0, "maxspeed": 100.0, "start_node": "sub_13957508677_13957507398_3", "end_node": "sub_13957508677_13957507398_4", "subsegment_index": 3, "total_subsegments": 6 }, "geometry": { "type": "LineString", "coordinates": [ [ 77.570111267581652, 28.08568460866854 ], [ 77.5698991, 28.0838845 ], [ 77.5698465, 28.0827273 ], [ 77.5698723, 28.0816487 ], [ 77.5699093, 28.0806993 ], [ 77.5700084, 28.079715 ], [ 77.570454822190953, 28.076860111931957 ] ] } },
{ "type": "Feature", "properties": { "segment_id": "YE_MAIN_SB_046", "source_edge_id": "13957508677_13957507398_0", "direction": "SB", "is_mainline": true, "is_ramp": false, "is_interchange_related": false, "interchange_name": null, "chainage_start_km": 42.515, "chainage_end_km": 43.498, "length_m": 983.06120015414808, "road_class": "motorway", "name": "Yamuna Expressway", "lanes": 3.0, "maxspeed": 100.0, "start_node": "sub_13957508677_13957507398_4", "end_node": "sub_13957508677_13957507398_5", "subsegment_index": 4, "total_subsegments": 6 }, "geometry": { "type": "LineString", "coordinates": [ [ 77.570454822190953, 28.076860111931957 ], [ 77.5704934, 28.0766134 ], [ 77.5715436, 28.0727687 ], [ 77.5731851, 28.0684558 ], [ 77.57324579399382, 28.068359584005488 ] ] } },
{ "type": "Feature", "properties": { "segment_id": "YE_MAIN_SB_047", "source_edge_id": "13957508677_13957507398_0", "direction": "SB", "is_mainline": true, "is_ramp": false, "is_interchange_related": false, "interchange_name": null, "chainage_start_km": 43.498, "chainage_end_km": 44.481, "length_m": 983.06120015425086, "road_class": "motorway", "name": "Yamuna Expressway", "lanes": 3.0, "maxspeed": 100.0, "start_node": "sub_13957508677_13957507398_5", "end_node": "13957507398", "subsegment_index": 5, "total_subsegments": 6 }, "geometry": { "type": "LineString", "coordinates": [ [ 77.57324579399382, 28.068359584005488 ], [ 77.5766374, 28.0629827 ], [ 77.5783441, 28.0607399 ] ] } },
{ "type": "Feature", "properties": { "segment_id": "YE_MAIN_SB_048", "source_edge_id": "13957507398_3816367208_0", "direction": "SB", "is_mainline": true, "is_ramp": false, "is_interchange_related": false, "interchange_name": null, "chainage_start_km": 44.481, "chainage_end_km": 45.718, "length_m": 1236.1312256887577, "road_class": "motorway", "name": "Yamuna Expressway", "lanes": 3.0, "maxspeed": 100.0, "start_node": "13957507398", "end_node": "sub_13957507398_3816367208_1", "subsegment_index": 0, "total_subsegments": 2 }, "geometry": { "type": "LineString", "coordinates": [ [ 77.5783441, 28.0607399 ], [ 77.5847948, 28.0531234 ], [ 77.5850576, 28.0527944 ], [ 77.585868934836441, 28.051809312274624 ] ] } },
{ "type": "Feature", "properties": { "segment_id": "YE_MAIN_SB_049", "source_edge_id": "13957507398_3816367208_0", "direction": "SB", "is_mainline": true, "is_ramp": false, "is_interchange_related": false, "interchange_name": null, "chainage_start_km": 45.718, "chainage_end_km": 46.954, "length_m": 1236.1312256884487, "road_class": "motorway", "name": "Yamuna Expressway", "lanes": 3.0, "maxspeed": 100.0, "start_node": "sub_13957507398_3816367208_1", "end_node": "3816367208", "subsegment_index": 1, "total_subsegments": 2 }, "geometry": { "type": "LineString", "coordinates": [ [ 77.585868934836441, 28.051809312274624 ], [ 77.5890425, 28.0479559 ], [ 77.5907033, 28.0452921 ], [ 77.59203, 28.0424614 ], [ 77.5921218, 28.0422064 ] ] } },
{ "type": "Feature", "properties": { "segment_id": "YE_MAIN_SB_050", "source_edge_id": "3816367208_3816367074_0", "direction": "SB", "is_mainline": true, "is_ramp": false, "is_interchange_related": false, "interchange_name": null, "chainage_start_km": 46.954, "chainage_end_km": 48.132, "length_m": 1178.2170552420059, "road_class": "motorway", "name": "Yamuna Expressway", "lanes": 3.0, "maxspeed": 100.0, "start_node": "3816367208", "end_node": "3816367074", "subsegment_index": 0, "total_subsegments": 1 }, "geometry": { "type": "LineString", "coordinates": [ [ 77.5921218, 28.0422064 ], [ 77.5928451, 28.040113 ], [ 77.5934359, 28.037784 ], [ 77.593708800000016, 28.0358745 ], [ 77.5937692, 28.0345501 ], [ 77.593818, 28.03175 ] ] } },
{ "type": "Feature", "properties": { "segment_id": "YE_MAIN_SB_051", "source_edge_id": "3816367074_11885708834_0", "direction": "SB", "is_mainline": true, "is_ramp": false, "is_interchange_related": false, "interchange_name": null, "chainage_start_km": 48.132, "chainage_end_km": 49.114, "length_m": 982.14466063561053, "road_class": "motorway", "name": "Yamuna Expressway", "lanes": 3.0, "maxspeed": 100.0, "start_node": "3816367074", "end_node": "sub_3816367074_11885708834_1", "subsegment_index": 0, "total_subsegments": 7 }, "geometry": { "type": "LineString", "coordinates": [ [ 77.593818, 28.03175 ], [ 77.5938255, 28.031319 ], [ 77.593689500000011, 28.0260253 ], [ 77.5936865, 28.0259064 ], [ 77.5936624, 28.0249687 ], [ 77.593639533533477, 28.022892836522956 ] ] } },
{ "type": "Feature", "properties": { "segment_id": "YE_MAIN_SB_052", "source_edge_id": "3816367074_11885708834_0", "direction": "SB", "is_mainline": true, "is_ramp": false, "is_interchange_related": false, "interchange_name": null, "chainage_start_km": 49.114, "chainage_end_km": 50.096, "length_m": 982.14466063545967, "road_class": "motorway", "name": "Yamuna Expressway", "lanes": 3.0, "maxspeed": 100.0, "start_node": "sub_3816367074_11885708834_1", "end_node": "sub_3816367074_11885708834_2", "subsegment_index": 1, "total_subsegments": 7 }, "geometry": { "type": "LineString", "coordinates": [ [ 77.593639533533477, 28.022892836522956 ], [ 77.5936361, 28.0225811 ], [ 77.593699, 28.0214287 ], [ 77.5938163, 28.0202801 ], [ 77.593947500000013, 28.019341 ], [ 77.5941904, 28.0180864 ], [ 77.5943691, 28.0173913 ], [ 77.5946148, 28.0165335 ], [ 77.5947178, 28.0161971 ], [ 77.595330308353766, 28.014195341109815 ] ] } },
{ "type": "Feature", "properties": { "segment_id": "YE_MAIN_SB_053", "source_edge_id": "3816367074_11885708834_0", "direction": "SB", "is_mainline": true, "is_ramp": false, "is_interchange_related": false, "interchange_name": null, "chainage_start_km": 50.096, "chainage_end_km": 51.078, "length_m": 982.14466063571945, "road_class": "motorway", "name": "Yamuna Expressway", "lanes": 3.0, "maxspeed": 100.0, "start_node": "sub_3816367074_11885708834_2", "end_node": "sub_3816367074_11885708834_3", "subsegment_index": 2, "total_subsegments": 7 }, "geometry": { "type": "LineString", "coordinates": [ [ 77.595330308353766, 28.014195341109815 ], [ 77.5955222, 28.0135682 ], [ 77.5967424, 28.0097401 ], [ 77.5968364, 28.0094427 ], [ 77.5970244, 28.0088477 ], [ 77.5973036, 28.0080762 ], [ 77.5975912, 28.0073342 ], [ 77.5979318, 28.0065256 ], [ 77.598307203259537, 28.005748290063398 ] ] } },
{ "type": "Feature", "properties": { "segment_id": "YE_MAIN_SB_054", "source_edge_id": "3816367074_11885708834_0", "direction": "SB", "is_mainline": true, "is_ramp": false, "is_interchange_related": false, "interchange_name": null, "chainage_start_km": 51.078, "chainage_end_km": 52.06, "length_m": 982.14466063578243, "road_class": "motorway", "name": "Yamuna Expressway", "lanes": 3.0, "maxspeed": 100.0, "start_node": "sub_3816367074_11885708834_3", "end_node": "sub_3816367074_11885708834_4", "subsegment_index": 3, "total_subsegments": 7 }, "geometry": { "type": "LineString", "coordinates": [ [ 77.598307203259537, 28.005748290063398 ], [ 77.5983199, 28.005722 ], [ 77.5986354, 28.0050539 ], [ 77.5991268, 28.0041911 ], [ 77.5996238, 28.0033727 ], [ 77.600185, 28.0024679 ], [ 77.6008998, 28.0014646 ], [ 77.601623, 28.0005451 ], [ 77.602482900000012, 27.9994924 ], [ 77.603518000941861, 27.998221892030159 ] ] } },
{ "type": "Feature", "properties": { "segment_id": "YE_MAIN_SB_055", "source_edge_id": "3816367074_11885708834_0", "direction": "SB", "is_mainline": true, "is_ramp": false, "is_interchange_related": false, "interchange_name": null, "chainage_start_km": 52.06, "chainage_end_km": 53.043, "length_m": 982.14466063561406, "road_class": "motorway", "name": "Yamuna Expressway", "lanes": 3.0, "maxspeed": 100.0, "start_node": "sub_3816367074_11885708834_4", "end_node": "sub_3816367074_11885708834_5", "subsegment_index": 4, "total_subsegments": 7 }, "geometry": { "type": "LineString", "coordinates": [ [ 77.603518000941861, 27.998221892030159 ], [ 77.6037422, 27.9979467 ], [ 77.604800400000016, 27.9965315 ], [ 77.6054509, 27.9955454 ], [ 77.6061015, 27.9944113 ], [ 77.6064756, 27.9937333 ], [ 77.6067027, 27.9932834 ], [ 77.6068576, 27.9929765 ], [ 77.6072769, 27.9921456 ], [ 77.607598, 27.9914503 ], [ 77.6079778, 27.9905677 ], [ 77.60805542403989, 27.990364589606276 ] ] } },
{ "type": "Feature", "properties": { "segment_id": "YE_MAIN_SB_056", "source_edge_id": "3816367074_11885708834_0", "direction": "SB", "is_mainline": true, "is_ramp": false, "is_interchange_related": false, "interchange_name": null, "chainage_start_km": 53.043, "chainage_end_km": 54.025, "length_m": 982.14466063546331, "road_class": "motorway", "name": "Yamuna Expressway", "lanes": 3.0, "maxspeed": 100.0, "start_node": "sub_3816367074_11885708834_5", "end_node": "sub_3816367074_11885708834_6", "subsegment_index": 5, "total_subsegments": 7 }, "geometry": { "type": "LineString", "coordinates": [ [ 77.60805542403989, 27.990364589606276 ], [ 77.6083547, 27.9895815 ], [ 77.608606, 27.988795 ], [ 77.6089662, 27.9876214 ], [ 77.6094967, 27.9853038 ], [ 77.6097591, 27.983711 ], [ 77.6097695, 27.9835885 ], [ 77.6097871, 27.9833813 ], [ 77.609930408826443, 27.981693325313149 ] ] } },
{ "type": "Feature", "properties": { "segment_id": "YE_MAIN_SB_057", "source_edge_id": "3816367074_11885708834_0", "direction": "SB", "is_mainline": true, "is_ramp": false, "is_interchange_related": false, "interchange_name": null, "chainage_start_km": 54.025, "chainage_end_km": 55.007, "length_m": 982.14466063566931, "road_class": "motorway", "name": "Yamuna Expressway", "lanes": 3.0, "maxspeed": 100.0, "start_node": "sub_3816367074_11885708834_6", "end_node": "11885708834", "subsegment_index": 6, "total_subsegments": 7 }, "geometry": { "type": "LineString", "coordinates": [ [ 77.609930408826443, 27.981693325313149 ], [ 77.6099741, 27.9811787 ], [ 77.6101249, 27.9787475 ], [ 77.6101295, 27.9786818 ], [ 77.6101689, 27.9781227 ], [ 77.6102673, 27.9767256 ], [ 77.6104208, 27.974203 ], [ 77.6105104, 27.9728495 ] ] } },
{ "type": "Feature", "properties": { "segment_id": "YE_MAIN_SB_058", "source_edge_id": "11885708834_11939266734_0", "direction": "SB", "is_mainline": true, "is_ramp": false, "is_interchange_related": false, "interchange_name": null, "chainage_start_km": 55.007, "chainage_end_km": 55.982, "length_m": 975.61539378557518, "road_class": "motorway", "name": "Yamuna Expressway", "lanes": 3.0, "maxspeed": 100.0, "start_node": "11885708834", "end_node": "sub_11885708834_11939266734_1", "subsegment_index": 0, "total_subsegments": 5 }, "geometry": { "type": "LineString", "coordinates": [ [ 77.6105104, 27.9728495 ], [ 77.6105856, 27.9717149 ], [ 77.6106924, 27.9700362 ], [ 77.6107053, 27.9698341 ], [ 77.6107978, 27.968381 ], [ 77.610915, 27.9666918 ], [ 77.6110016, 27.9660037 ], [ 77.6110447, 27.9656767 ], [ 77.6110719, 27.9654698 ], [ 77.6111189, 27.9651135 ], [ 77.611315162183757, 27.964084951708465 ] ] } },
{ "type": "Feature", "properties": { "segment_id": "YE_MAIN_SB_059", "source_edge_id": "11885708834_11939266734_0", "direction": "SB", "is_mainline": true, "is_ramp": false, "is_interchange_related": false, "interchange_name": null, "chainage_start_km": 55.982, "chainage_end_km": 56.958, "length_m": 975.61539378548389, "road_class": "motorway", "name": "Yamuna Expressway", "lanes": 3.0, "maxspeed": 100.0, "start_node": "sub_11885708834_11939266734_1", "end_node": "sub_11885708834_11939266734_2", "subsegment_index": 1, "total_subsegments": 5 }, "geometry": { "type": "LineString", "coordinates": [ [ 77.611315162183757, 27.964084951708465 ], [ 77.6113283, 27.9640161 ], [ 77.6115656, 27.9629483 ], [ 77.6118588, 27.9618928 ], [ 77.6122217, 27.9608422 ], [ 77.6125372, 27.9599346 ], [ 77.6130286, 27.9588347 ], [ 77.6134168, 27.9580184 ], [ 77.6137864, 27.9572934 ], [ 77.6138883, 27.9570936 ], [ 77.614629981228404, 27.955833964486388 ] ] } },
{ "type": "Feature", "properties": { "segment_id": "YE_MAIN_SB_060", "source_edge_id": "11885708834_11939266734_0", "direction": "SB", "is_mainline": true, "is_ramp": false, "is_interchange_related": false, "interchange_name": null, "chainage_start_km": 56.958, "chainage_end_km": 57.934, "length_m": 975.61539378557632, "road_class": "motorway", "name": "Yamuna Expressway", "lanes": 3.0, "maxspeed": 100.0, "start_node": "sub_11885708834_11939266734_2", "end_node": "sub_11885708834_11939266734_3", "subsegment_index": 2, "total_subsegments": 5 }, "geometry": { "type": "LineString", "coordinates": [ [ 77.614629981228404, 27.955833964486388 ], [ 77.6146899, 27.9557322 ], [ 77.61536, 27.9547136 ], [ 77.6165467, 27.9530833 ], [ 77.617979, 27.9511127 ], [ 77.6189417, 27.9497944 ], [ 77.619194, 27.9494488 ], [ 77.6199223, 27.9484514 ], [ 77.619951269424092, 27.948411929445911 ] ] } },
{ "type": "Feature", "properties": { "segment_id": "YE_MAIN_SB_061", "source_edge_id": "11885708834_11939266734_0", "direction": "SB", "is_mainline": true, "is_ramp": false, "is_interchange_related": false, "interchange_name": null, "chainage_start_km": 57.934, "chainage_end_km": 58.909, "length_m": 975.61539378532132, "road_class": "motorway", "name": "Yamuna Expressway", "lanes": 3.0, "maxspeed": 100.0, "start_node": "sub_11885708834_11939266734_3", "end_node": "sub_11885708834_11939266734_4", "subsegment_index": 3, "total_subsegments": 5 }, "geometry": { "type": "LineString", "coordinates": [ [ 77.619951269424092, 27.948411929445911 ], [ 77.6214356, 27.9463895 ], [ 77.6231249, 27.9440635 ], [ 77.623414, 27.9436595 ], [ 77.6245209, 27.9421125 ], [ 77.625271495357254, 27.940988757959683 ] ] } },
{ "type": "Feature", "properties": { "segment_id": "YE_MAIN_SB_062", "source_edge_id": "11885708834_11939266734_0", "direction": "SB", "is_mainline": true, "is_ramp": false, "is_interchange_related": false, "interchange_name": null, "chainage_start_km": 58.909, "chainage_end_km": 59.885, "length_m": 975.61539378558518, "road_class": "motorway", "name": "Yamuna Expressway", "lanes": 3.0, "maxspeed": 100.0, "start_node": "sub_11885708834_11939266734_4", "end_node": "11939266734", "subsegment_index": 4, "total_subsegments": 5 }, "geometry": { "type": "LineString", "coordinates": [ [ 77.625271495357254, 27.940988757959683 ], [ 77.6252887, 27.940963 ], [ 77.6256964, 27.9402699 ], [ 77.6258711, 27.9399465 ], [ 77.6261405, 27.9394479 ], [ 77.6264028, 27.9389626 ], [ 77.6268523, 27.9379981 ], [ 77.6276899, 27.9359976 ], [ 77.6278086, 27.9357478 ], [ 77.6279188, 27.9355158 ], [ 77.6281199, 27.9350923 ], [ 77.6285778, 27.9342462 ], [ 77.629231200000021, 27.9331608 ], [ 77.6293442, 27.9329789 ] ] } },
{ "type": "Feature", "properties": { "segment_id": "YE_MAIN_SB_063", "source_edge_id": "11939266734_11939284539_0", "direction": "SB", "is_mainline": true, "is_ramp": false, "is_interchange_related": false, "interchange_name": null, "chainage_start_km": 59.885, "chainage_end_km": 60.925, "length_m": 1040.0614399578133, "road_class": "motorway", "name": "Yamuna Expressway", "lanes": 3.0, "maxspeed": 100.0, "start_node": "11939266734", "end_node": "sub_11939266734_11939284539_1", "subsegment_index": 0, "total_subsegments": 5 }, "geometry": { "type": "LineString", "coordinates": [ [ 77.6293442, 27.9329789 ], [ 77.6297254, 27.9324257 ], [ 77.6302559, 27.9316931 ], [ 77.6306719, 27.93118 ], [ 77.6308037, 27.9310183 ], [ 77.631046, 27.9307212 ], [ 77.6324728, 27.9290264 ], [ 77.6331542, 27.9281759 ], [ 77.6340923, 27.9268684 ], [ 77.634436400000013, 27.9263532 ], [ 77.6345707, 27.9261521 ], [ 77.635213789481725, 27.92518917527066 ] ] } },
{ "type": "Feature", "properties": { "segment_id": "YE_MAIN_SB_064", "source_edge_id": "11939266734_11939284539_0", "direction": "SB", "is_mainline": true, "is_ramp": false, "is_interchange_related": false, "interchange_name": null, "chainage_start_km": 60.925, "chainage_end_km": 61.965, "length_m": 1040.0614399579465, "road_class": "motorway", "name": "Yamuna Expressway", "lanes": 3.0, "maxspeed": 100.0, "start_node": "sub_11939266734_11939284539_1", "end_node": "sub_11939266734_11939284539_2", "subsegment_index": 1, "total_subsegments": 5 }, "geometry": { "type": "LineString", "coordinates": [ [ 77.635213789481725, 27.92518917527066 ], [ 77.6354186, 27.9248825 ], [ 77.6375322, 27.9217371 ], [ 77.6395285, 27.9187889 ], [ 77.6405958, 27.9172009 ], [ 77.640637222718098, 27.917139275971124 ] ] } },
{ "type": "Feature", "properties": { "segment_id": "YE_MAIN_SB_065", "source_edge_id": "11939266734_11939284539_0", "direction": "SB", "is_mainline": true, "is_ramp": false, "is_interchange_related": false, "interchange_name": null, "chainage_start_km": 61.965, "chainage_end_km": 63.005, "length_m": 1040.0614399578421, "road_class": "motorway", "name": "Yamuna Expressway", "lanes": 3.0, "maxspeed": 100.0, "start_node": "sub_11939266734_11939284539_2", "end_node": "sub_11939266734_11939284539_3", "subsegment_index": 2, "total_subsegments": 5 }, "geometry": { "type": "LineString", "coordinates": [ [ 77.640637222718098, 27.917139275971124 ], [ 77.6407217, 27.9170136 ], [ 77.6414188, 27.9159763 ], [ 77.64296, 27.9136868 ], [ 77.6449396, 27.910726 ], [ 77.646054929763778, 27.909086602876972 ] ] } },
{ "type": "Feature", "properties": { "segment_id": "YE_MAIN_SB_066", "source_edge_id": "11939266734_11939284539_0", "direction": "SB", "is_mainline": true, "is_ramp": false, "is_interchange_related": false, "interchange_name": null, "chainage_start_km": 63.005, "chainage_end_km": 64.045, "length_m": 1040.0614399579365, "road_class": "motorway", "name": "Yamuna Expressway", "lanes": 3.0, "maxspeed": 100.0, "start_node": "sub_11939266734_11939284539_3", "end_node": "sub_11939266734_11939284539_4", "subsegment_index": 3, "total_subsegments": 5 }, "geometry": { "type": "LineString", "coordinates": [ [ 77.646054929763778, 27.909086602876972 ], [ 77.64664, 27.908226599999988 ], [ 77.6479523, 27.9062651 ], [ 77.6484114, 27.9055818 ], [ 77.648675, 27.9051896 ], [ 77.6495242, 27.9039259 ], [ 77.6509621, 27.9018039 ], [ 77.651453355077251, 27.901024346211713 ] ] } },
{ "type": "Feature", "properties": { "segment_id": "YE_MAIN_SB_067", "source_edge_id": "11939266734_11939284539_0", "direction": "SB", "is_mainline": true, "is_ramp": false, "is_interchange_related": false, "interchange_name": null, "chainage_start_km": 64.045, "chainage_end_km": 65.085, "length_m": 1040.0614399578196, "road_class": "motorway", "name": "Yamuna Expressway", "lanes": 3.0, "maxspeed": 100.0, "start_node": "sub_11939266734_11939284539_4", "end_node": "11939284539", "subsegment_index": 4, "total_subsegments": 5 }, "geometry": { "type": "LineString", "coordinates": [ [ 77.651453355077251, 27.901024346211713 ], [ 77.6514675, 27.9010019 ], [ 77.6522828, 27.8994202 ], [ 77.6527463, 27.8984998 ], [ 77.6533689, 27.8974116 ], [ 77.6538324, 27.8966861 ], [ 77.6540242, 27.8963915 ], [ 77.6541645, 27.896176 ], [ 77.6546756, 27.8953906 ], [ 77.655446200000014, 27.8944208 ], [ 77.6566734, 27.8929029 ] ] } },
{ "type": "Feature", "properties": { "segment_id": "YE_MAIN_SB_068", "source_edge_id": "11939284539_11885764191_0", "direction": "SB", "is_mainline": true, "is_ramp": false, "is_interchange_related": false, "interchange_name": null, "chainage_start_km": 65.085, "chainage_end_km": 66.149, "length_m": 1063.8267107906363, "road_class": "motorway", "name": "Yamuna Expressway", "lanes": 3.0, "maxspeed": 100.0, "start_node": "11939284539", "end_node": "11885764191", "subsegment_index": 0, "total_subsegments": 1 }, "geometry": { "type": "LineString", "coordinates": [ [ 77.6566734, 27.8929029 ], [ 77.6579591, 27.8912992 ], [ 77.659559, 27.8890461 ], [ 77.6607652, 27.8873309 ], [ 77.6610872, 27.8868573 ], [ 77.6619107, 27.8858511 ], [ 77.6625214, 27.8851049 ], [ 77.6626817, 27.8849373 ] ] } },
{ "type": "Feature", "properties": { "segment_id": "YE_MAIN_SB_069", "source_edge_id": "11885764191_12008956691_0", "direction": "SB", "is_mainline": true, "is_ramp": false, "is_interchange_related": false, "interchange_name": null, "chainage_start_km": 66.149, "chainage_end_km": 67.028, "length_m": 879.35997082455515, "road_class": "motorway", "name": "Yamuna Expressway", "lanes": 3.0, "maxspeed": 100.0, "start_node": "11885764191", "end_node": "sub_11885764191_12008956691_1", "subsegment_index": 0, "total_subsegments": 4 }, "geometry": { "type": "LineString", "coordinates": [ [ 77.6626817, 27.8849373 ], [ 77.6638839, 27.8836809 ], [ 77.6649114, 27.8827678 ], [ 77.6657306, 27.882101 ], [ 77.6660766, 27.8818193 ], [ 77.6663242, 27.8816177 ], [ 77.6681475, 27.8802752 ], [ 77.669253713149217, 27.879614032320486 ] ] } },
{ "type": "Feature", "properties": { "segment_id": "YE_MAIN_SB_070", "source_edge_id": "11885764191_12008956691_0", "direction": "SB", "is_mainline": true, "is_ramp": false, "is_interchange_related": false, "interchange_name": null, "chainage_start_km": 67.028, "chainage_end_km": 67.908, "length_m": 879.35997082454821, "road_class": "motorway", "name": "Yamuna Expressway", "lanes": 3.0, "maxspeed": 100.0, "start_node": "sub_11885764191_12008956691_1", "end_node": "sub_11885764191_12008956691_2", "subsegment_index": 1, "total_subsegments": 4 }, "geometry": { "type": "LineString", "coordinates": [ [ 77.669253713149217, 27.879614032320486 ], [ 77.6700182, 27.8791571 ], [ 77.6717465, 27.878239 ], [ 77.672989, 27.8776689 ], [ 77.6745134, 27.8770519 ], [ 77.6752408, 27.876772 ], [ 77.6759467, 27.8765003 ], [ 77.676521, 27.8762794 ], [ 77.677186087807101, 27.876012393989456 ] ] } },
{ "type": "Feature", "properties": { "segment_id": "YE_MAIN_SB_071", "source_edge_id": "11885764191_12008956691_0", "direction": "SB", "is_mainline": true, "is_ramp": false, "is_interchange_related": false, "interchange_name": null, "chainage_start_km": 67.908, "chainage_end_km": 68.787, "length_m": 879.35997082459755, "road_class": "motorway", "name": "Yamuna Expressway", "lanes": 3.0, "maxspeed": 100.0, "start_node": "sub_11885764191_12008956691_2", "end_node": "sub_11885764191_12008956691_3", "subsegment_index": 2, "total_subsegments": 4 }, "geometry": { "type": "LineString", "coordinates": [ [ 77.677186087807101, 27.876012393989456 ], [ 77.6801962, 27.8748039 ], [ 77.6804169, 27.8747153 ], [ 77.681181, 27.8744085 ], [ 77.6822399, 27.8739862 ], [ 77.6825588, 27.873859 ], [ 77.6850424, 27.8728684 ], [ 77.685324869378917, 27.872756251418444 ] ] } },
{ "type": "Feature", "properties": { "segment_id": "YE_MAIN_SB_072", "source_edge_id": "11885764191_12008956691_0", "direction": "SB", "is_mainline": true, "is_ramp": false, "is_interchange_related": false, "interchange_name": null, "chainage_start_km": 68.787, "chainage_end_km": 69.667, "length_m": 879.35997082455015, "road_class": "motorway", "name": "Yamuna Expressway", "lanes": 3.0, "maxspeed": 100.0, "start_node": "sub_11885764191_12008956691_3", "end_node": "12008956691", "subsegment_index": 3, "total_subsegments": 4 }, "geometry": { "type": "LineString", "coordinates": [ [ 77.685324869378917, 27.872756251418444 ], [ 77.68759, 27.8718569 ], [ 77.687848, 27.8717544 ], [ 77.6887782, 27.871385 ], [ 77.6921427, 27.8700473 ], [ 77.6934724, 27.869518 ] ] } },
{ "type": "Feature", "properties": { "segment_id": "YE_MAIN_SB_073", "source_edge_id": "12008956691_2044427155_0", "direction": "SB", "is_mainline": true, "is_ramp": false, "is_interchange_related": false, "interchange_name": null, "chainage_start_km": 69.667, "chainage_end_km": 70.659, "length_m": 992.06700003440608, "road_class": "motorway", "name": "Yamuna Expressway", "lanes": 3.0, "maxspeed": 100.0, "start_node": "12008956691", "end_node": "sub_12008956691_2044427155_1", "subsegment_index": 0, "total_subsegments": 25 }, "geometry": { "type": "LineString", "coordinates": [ [ 77.6934724, 27.869518 ], [ 77.6949515, 27.8689291 ], [ 77.6953246, 27.8687545 ], [ 77.6957147, 27.8685719 ], [ 77.696275, 27.8683096 ], [ 77.6975845, 27.8676234 ], [ 77.6980251, 27.8673708 ], [ 77.6989652, 27.866796 ], [ 77.7002981, 27.86593 ], [ 77.7017766, 27.8648032 ], [ 77.701898817539544, 27.864701091987182 ] ] } },
{ "type": "Feature", "properties": { "segment_id": "YE_MAIN_SB_074", "source_edge_id": "12008956691_2044427155_0", "direction": "SB", "is_mainline": true, "is_ramp": false, "is_interchange_related": false, "interchange_name": null, "chainage_start_km": 70.659, "chainage_end_km": 71.651, "length_m": 992.06700003440483, "road_class": "motorway", "name": "Yamuna Expressway", "lanes": 3.0, "maxspeed": 100.0, "start_node": "sub_12008956691_2044427155_1", "end_node": "sub_12008956691_2044427155_2", "subsegment_index": 1, "total_subsegments": 25 }, "geometry": { "type": "LineString", "coordinates": [ [ 77.701898817539544, 27.864701091987182 ], [ 77.7027053, 27.8640273 ], [ 77.7066384, 27.8601992 ], [ 77.7071596, 27.8596944 ], [ 77.7073144, 27.8595445 ], [ 77.7082617, 27.858627 ], [ 77.7085521, 27.8583458 ], [ 77.708753628647884, 27.858150632630789 ] ] } },
{ "type": "Feature", "properties": { "segment_id": "YE_MAIN_SB_075", "source_edge_id": "12008956691_2044427155_0", "direction": "SB", "is_mainline": true, "is_ramp": false, "is_interchange_related": false, "interchange_name": null, "chainage_start_km": 71.651, "chainage_end_km": 72.643, "length_m": 992.06700003451124, "road_class": "motorway", "name": "Yamuna Expressway", "lanes": 3.0, "maxspeed": 100.0, "start_node": "sub_12008956691_2044427155_2", "end_node": "sub_12008956691_2044427155_3", "subsegment_index": 2, "total_subsegments": 25 }, "geometry": { "type": "LineString", "coordinates": [ [ 77.708753628647884, 27.858150632630789 ], [ 77.7114855, 27.8555049 ], [ 77.7130982, 27.8539428 ], [ 77.7132773, 27.8537694 ], [ 77.7143443, 27.8527358 ], [ 77.715562055832734, 27.85155907778174 ] ] } },
{ "type": "Feature", "properties": { "segment_id": "YE_MAIN_SB_076", "source_edge_id": "12008956691_2044427155_0", "direction": "SB", "is_mainline": true, "is_ramp": false, "is_interchange_related": false, "interchange_name": null, "chainage_start_km": 72.643, "chainage_end_km": 73.635, "length_m": 992.06700003408923, "road_class": "motorway", "name": "Yamuna Expressway", "lanes": 3.0, "maxspeed": 100.0, "start_node": "sub_12008956691_2044427155_3", "end_node": "sub_12008956691_2044427155_4", "subsegment_index": 3, "total_subsegments": 25 }, "geometry": { "type": "LineString", "coordinates": [ [ 77.715562055832734, 27.85155907778174 ], [ 77.7163421, 27.8508053 ], [ 77.7165818, 27.8505737 ], [ 77.7175199, 27.8496672 ], [ 77.7185105, 27.8486787 ], [ 77.7196467, 27.8473714 ], [ 77.7209031, 27.845742 ], [ 77.721126, 27.8454038 ], [ 77.7213103, 27.8451242 ], [ 77.721714244260156, 27.844511286828229 ] ] } },
{ "type": "Feature", "properties": { "segment_id": "YE_MAIN_SB_077", "source_edge_id": "12008956691_2044427155_0", "direction": "SB", "is_mainline": true, "is_ramp": false, "is_interchange_related": false, "interchange_name": null, "chainage_start_km": 73.635, "chainage_end_km": 74.627, "length_m": 992.06700003453022, "road_class": "motorway", "name": "Yamuna Expressway", "lanes": 3.0, "maxspeed": 100.0, "start_node": "sub_12008956691_2044427155_4", "end_node": "sub_12008956691_2044427155_5", "subsegment_index": 4, "total_subsegments": 25 }, "geometry": { "type": "LineString", "coordinates": [ [ 77.721714244260156, 27.844511286828229 ], [ 77.7220576, 27.8439903 ], [ 77.7230299, 27.8422321 ], [ 77.7239731, 27.8400778 ], [ 77.7242959, 27.8393033 ], [ 77.7244022, 27.8390483 ], [ 77.725459, 27.8365129 ], [ 77.725555474857373, 27.836255229441466 ] ] } },
{ "type": "Feature", "properties": { "segment_id": "YE_MAIN_SB_078", "source_edge_id": "12008956691_2044427155_0", "direction": "SB", "is_mainline": true, "is_ramp": false, "is_interchange_related": false, "interchange_name": null, "chainage_start_km": 74.627, "chainage_end_km": 75.619, "length_m": 992.06700003418109, "road_class": "motorway", "name": "Yamuna Expressway", "lanes": 3.0, "maxspeed": 100.0, "start_node": "sub_12008956691_2044427155_5", "end_node": "sub_12008956691_2044427155_6", "subsegment_index": 5, "total_subsegments": 25 }, "geometry": { "type": "LineString", "coordinates": [ [ 77.725555474857373, 27.836255229441466 ], [ 77.7261764, 27.8345968 ], [ 77.7266607, 27.8329254 ], [ 77.7269703, 27.8315631 ], [ 77.7270309, 27.8311714 ], [ 77.7271321, 27.8305168 ], [ 77.72727260000002, 27.8296083 ], [ 77.7273763, 27.8282866 ], [ 77.727403471328799, 27.827500793117803 ] ] } },
{ "type": "Feature", "properties": { "segment_id": "YE_MAIN_SB_079", "source_edge_id": "12008956691_2044427155_0", "direction": "SB", "is_mainline": true, "is_ramp": false, "is_interchange_related": false, "interchange_name": null, "chainage_start_km": 75.619, "chainage_end_km": 76.611, "length_m": 992.06700003446883, "road_class": "motorway", "name": "Yamuna Expressway", "lanes": 3.0, "maxspeed": 100.0, "start_node": "sub_12008956691_2044427155_6", "end_node": "sub_12008956691_2044427155_7", "subsegment_index": 6, "total_subsegments": 25 }, "geometry": { "type": "LineString", "coordinates": [ [ 77.727403471328799, 27.827500793117803 ], [ 77.7274278, 27.8267972 ], [ 77.7274224, 27.8266775 ], [ 77.7274242, 27.826237 ], [ 77.7273454, 27.8249844 ], [ 77.7272527, 27.8237911 ], [ 77.7270724, 27.8224428 ], [ 77.7267832, 27.8211328 ], [ 77.7265728, 27.8202715 ], [ 77.726522, 27.820064 ], [ 77.726176668803248, 27.818650471635507 ] ] } },
{ "type": "Feature", "properties": { "segment_id": "YE_MAIN_SB_080", "source_edge_id": "12008956691_2044427155_0", "direction": "SB", "is_mainline": true, "is_ramp": false, "is_interchange_related": false, "interchange_name": null, "chainage_start_km": 76.611, "chainage_end_km": 77.603, "length_m": 992.0670000347402, "road_class": "motorway", "name": "Yamuna Expressway", "lanes": 3.0, "maxspeed": 100.0, "start_node": "sub_12008956691_2044427155_7", "end_node": "sub_12008956691_2044427155_8", "subsegment_index": 7, "total_subsegments": 25 }, "geometry": { "type": "LineString", "coordinates": [ [ 77.726176668803248, 27.818650471635507 ], [ 77.7260685, 27.8182077 ], [ 77.7260196, 27.8180076 ], [ 77.7256106, 27.8163337 ], [ 77.7241866, 27.8106389 ], [ 77.724012025583647, 27.809911987007247 ] ] } },
{ "type": "Feature", "properties": { "segment_id": "YE_MAIN_SB_081", "source_edge_id": "12008956691_2044427155_0", "direction": "SB", "is_mainline": true, "is_ramp": false, "is_interchange_related": false, "interchange_name": null, "chainage_start_km": 77.603, "chainage_end_km": 78.595, "length_m": 992.06700003435481, "road_class": "motorway", "name": "Yamuna Expressway", "lanes": 3.0, "maxspeed": 100.0, "start_node": "sub_12008956691_2044427155_8", "end_node": "sub_12008956691_2044427155_9", "subsegment_index": 8, "total_subsegments": 25 }, "geometry": { "type": "LineString", "coordinates": [ [ 77.724012025583647, 27.809911987007247 ], [ 77.7236908, 27.8085744 ], [ 77.7236353, 27.8083432 ], [ 77.7230031, 27.8057105 ], [ 77.7221221, 27.802165 ], [ 77.721878950910764, 27.801167391341387 ] ] } },
{ "type": "Feature", "properties": { "segment_id": "YE_MAIN_SB_082", "source_edge_id": "12008956691_2044427155_0", "direction": "SB", "is_mainline": true, "is_ramp": false, "is_interchange_related": false, "interchange_name": null, "chainage_start_km": 78.595, "chainage_end_km": 79.587, "length_m": 992.06700003422031, "road_class": "motorway", "name": "Yamuna Expressway", "lanes": 3.0, "maxspeed": 100.0, "start_node": "sub_12008956691_2044427155_9", "end_node": "sub_12008956691_2044427155_10", "subsegment_index": 9, "total_subsegments": 25 }, "geometry": { "type": "LineString", "coordinates": [ [ 77.721878950910764, 27.801167391341387 ], [ 77.7216615, 27.8002752 ], [ 77.7216108, 27.8000669 ], [ 77.7202468, 27.7944706 ], [ 77.719732796805062, 27.792425320607926 ] ] } },
{ "type": "Feature", "properties": { "segment_id": "YE_MAIN_SB_083", "source_edge_id": "12008956691_2044427155_0", "direction": "SB", "is_mainline": true, "is_ramp": false, "is_interchange_related": false, "interchange_name": null, "chainage_start_km": 79.587, "chainage_end_km": 80.579, "length_m": 992.06700003457843, "road_class": "motorway", "name": "Yamuna Expressway", "lanes": 3.0, "maxspeed": 100.0, "start_node": "sub_12008956691_2044427155_10", "end_node": "sub_12008956691_2044427155_11", "subsegment_index": 10, "total_subsegments": 25 }, "geometry": { "type": "LineString", "coordinates": [ [ 77.719732796805062, 27.792425320607926 ], [ 77.7192563, 27.7905292 ], [ 77.7184592, 27.78745 ], [ 77.7183486, 27.7869902 ], [ 77.718149, 27.7861603 ], [ 77.717554776667882, 27.783689679769317 ] ] } },
{ "type": "Feature", "properties": { "segment_id": "YE_MAIN_SB_084", "source_edge_id": "12008956691_2044427155_0", "direction": "SB", "is_mainline": true, "is_ramp": false, "is_interchange_related": false, "interchange_name": null, "chainage_start_km": 80.579, "chainage_end_km": 81.571, "length_m": 992.06700003397543, "road_class": "motorway", "name": "Yamuna Expressway", "lanes": 3.0, "maxspeed": 100.0, "start_node": "sub_12008956691_2044427155_11", "end_node": "sub_12008956691_2044427155_12", "subsegment_index": 11, "total_subsegments": 25 }, "geometry": { "type": "LineString", "coordinates": [ [ 77.717554776667882, 27.783689679769317 ], [ 77.7171845, 27.7821501 ], [ 77.7162847, 27.7785783 ], [ 77.7158393, 27.776771 ], [ 77.7157921, 27.7765796 ], [ 77.715390727562777, 27.77495114266809 ] ] } },
{ "type": "Feature", "properties": { "segment_id": "YE_MAIN_SB_085", "source_edge_id": "12008956691_2044427155_0", "direction": "SB", "is_mainline": true, "is_ramp": false, "is_interchange_related": false, "interchange_name": null, "chainage_start_km": 81.571, "chainage_end_km": 82.563, "length_m": 992.06700003462345, "road_class": "motorway", "name": "Yamuna Expressway", "lanes": 3.0, "maxspeed": 100.0, "start_node": "sub_12008956691_2044427155_12", "end_node": "sub_12008956691_2044427155_13", "subsegment_index": 12, "total_subsegments": 25 }, "geometry": { "type": "LineString", "coordinates": [ [ 77.715390727562777, 27.77495114266809 ], [ 77.7152942, 27.7745595 ], [ 77.7144102, 27.7710259 ], [ 77.7132697, 27.7663363 ], [ 77.713245863421363, 27.766209021901147 ] ] } },
{ "type": "Feature", "properties": { "segment_id": "YE_MAIN_SB_086", "source_edge_id": "12008956691_2044427155_0", "direction": "SB", "is_mainline": true, "is_ramp": false, "is_interchange_related": false, "interchange_name": null, "chainage_start_km": 82.563, "chainage_end_km": 83.555, "length_m": 992.06700003449953, "road_class": "motorway", "name": "Yamuna Expressway", "lanes": 3.0, "maxspeed": 100.0, "start_node": "sub_12008956691_2044427155_13", "end_node": "sub_12008956691_2044427155_14", "subsegment_index": 13, "total_subsegments": 25 }, "geometry": { "type": "LineString", "coordinates": [ [ 77.713245863421363, 27.766209021901147 ], [ 77.7129303, 27.764524 ], [ 77.7129064, 27.7642821 ], [ 77.7128685, 27.7638994 ], [ 77.7127212, 27.7624113 ], [ 77.7127054, 27.7608922 ], [ 77.7127707, 27.7591659 ], [ 77.7129444, 27.7575456 ], [ 77.712985912352366, 27.757303515277613 ] ] } },
{ "type": "Feature", "properties": { "segment_id": "YE_MAIN_SB_087", "source_edge_id": "12008956691_2044427155_0", "direction": "SB", "is_mainline": true, "is_ramp": false, "is_interchange_related": false, "interchange_name": null, "chainage_start_km": 83.555, "chainage_end_km": 84.548, "length_m": 992.06700003420599, "road_class": "motorway", "name": "Yamuna Expressway", "lanes": 3.0, "maxspeed": 100.0, "start_node": "sub_12008956691_2044427155_14", "end_node": "sub_12008956691_2044427155_15", "subsegment_index": 14, "total_subsegments": 25 }, "geometry": { "type": "LineString", "coordinates": [ [ 77.712985912352366, 27.757303515277613 ], [ 77.7130531, 27.7569117 ], [ 77.7131148, 27.7565523 ], [ 77.7131733, 27.7562115 ], [ 77.7133272, 27.7554363 ], [ 77.7135876, 27.7545248 ], [ 77.7138915, 27.7535329 ], [ 77.7143098, 27.7523665 ], [ 77.7153542, 27.7498562 ], [ 77.7156885, 27.749055 ], [ 77.715765, 27.7488717 ], [ 77.715818379597962, 27.748743771257072 ] ] } },
{ "type": "Feature", "properties": { "segment_id": "YE_MAIN_SB_088", "source_edge_id": "12008956691_2044427155_0", "direction": "SB", "is_mainline": true, "is_ramp": false, "is_interchange_related": false, "interchange_name": null, "chainage_start_km": 84.548, "chainage_end_km": 85.54, "length_m": 992.06700003428762, "road_class": "motorway", "name": "Yamuna Expressway", "lanes": 3.0, "maxspeed": 100.0, "start_node": "sub_12008956691_2044427155_15", "end_node": "sub_12008956691_2044427155_16", "subsegment_index": 15, "total_subsegments": 25 }, "geometry": { "type": "LineString", "coordinates": [ [ 77.715818379597962, 27.748743771257072 ], [ 77.7172363, 27.7453455 ], [ 77.7176179, 27.7444194 ], [ 77.7177704, 27.7440494 ], [ 77.7189964, 27.7410739 ], [ 77.719297775722069, 27.74034823654188 ] ] } },
{ "type": "Feature", "properties": { "segment_id": "YE_MAIN_SB_089", "source_edge_id": "12008956691_2044427155_0", "direction": "SB", "is_mainline": true, "is_ramp": false, "is_interchange_related": false, "interchange_name": null, "chainage_start_km": 85.54, "chainage_end_km": 86.532, "length_m": 992.0670000346413, "road_class": "motorway", "name": "Yamuna Expressway", "lanes": 3.0, "maxspeed": 100.0, "start_node": "sub_12008956691_2044427155_16", "end_node": "sub_12008956691_2044427155_17", "subsegment_index": 16, "total_subsegments": 25 }, "geometry": { "type": "LineString", "coordinates": [ [ 77.719297775722069, 27.74034823654188 ], [ 77.7202671, 27.7380142 ], [ 77.7215731, 27.7348063 ], [ 77.7218826, 27.7340671 ], [ 77.7219631, 27.7338749 ], [ 77.722768927038004, 27.731950157726573 ] ] } },
{ "type": "Feature", "properties": { "segment_id": "YE_MAIN_SB_090", "source_edge_id": "12008956691_2044427155_0", "direction": "SB", "is_mainline": true, "is_ramp": false, "is_interchange_related": false, "interchange_name": null, "chainage_start_km": 86.532, "chainage_end_km": 87.524, "length_m": 992.06700003449657, "road_class": "motorway", "name": "Yamuna Expressway", "lanes": 3.0, "maxspeed": 100.0, "start_node": "sub_12008956691_2044427155_17", "end_node": "sub_12008956691_2044427155_18", "subsegment_index": 17, "total_subsegments": 25 }, "geometry": { "type": "LineString", "coordinates": [ [ 77.722768927038004, 27.731950157726573 ], [ 77.7228037, 27.7318671 ], [ 77.7243245, 27.7281794 ], [ 77.7256696, 27.7249313 ], [ 77.7258879, 27.7244042 ], [ 77.7260792, 27.7239421 ], [ 77.726230069482, 27.723548951583346 ] ] } },
{ "type": "Feature", "properties": { "segment_id": "YE_MAIN_SB_091", "source_edge_id": "12008956691_2044427155_0", "direction": "SB", "is_mainline": true, "is_ramp": false, "is_interchange_related": false, "interchange_name": null, "chainage_start_km": 87.524, "chainage_end_km": 88.516, "length_m": 992.06700003429705, "road_class": "motorway", "name": "Yamuna Expressway", "lanes": 3.0, "maxspeed": 100.0, "start_node": "sub_12008956691_2044427155_18", "end_node": "sub_12008956691_2044427155_19", "subsegment_index": 18, "total_subsegments": 25 }, "geometry": { "type": "LineString", "coordinates": [ [ 77.726230069482, 27.723548951583346 ], [ 77.7264286, 27.7230316 ], [ 77.7266255, 27.7225565 ], [ 77.7267445, 27.7222694 ], [ 77.7291475, 27.7164715 ], [ 77.7296152, 27.7153369 ], [ 77.729692888076841, 27.715148432755218 ] ] } },
{ "type": "Feature", "properties": { "segment_id": "YE_MAIN_SB_092", "source_edge_id": "12008956691_2044427155_0", "direction": "SB", "is_mainline": true, "is_ramp": false, "is_interchange_related": false, "interchange_name": null, "chainage_start_km": 88.516, "chainage_end_km": 89.508, "length_m": 992.06700003429398, "road_class": "motorway", "name": "Yamuna Expressway", "lanes": 3.0, "maxspeed": 100.0, "start_node": "sub_12008956691_2044427155_19", "end_node": "sub_12008956691_2044427155_20", "subsegment_index": 19, "total_subsegments": 25 }, "geometry": { "type": "LineString", "coordinates": [ [ 77.729692888076841, 27.715148432755218 ], [ 77.7298117, 27.7148602 ], [ 77.7301647, 27.7140037 ], [ 77.7313346, 27.7112285 ], [ 77.7323795, 27.7086837 ], [ 77.733198871562251, 27.706762168948298 ] ] } },
{ "type": "Feature", "properties": { "segment_id": "YE_MAIN_SB_093", "source_edge_id": "12008956691_2044427155_0", "direction": "SB", "is_mainline": true, "is_ramp": false, "is_interchange_related": false, "interchange_name": null, "chainage_start_km": 89.508, "chainage_end_km": 90.5, "length_m": 992.06700003426602, "road_class": "motorway", "name": "Yamuna Expressway", "lanes": 3.0, "maxspeed": 100.0, "start_node": "sub_12008956691_2044427155_20", "end_node": "sub_12008956691_2044427155_21", "subsegment_index": 20, "total_subsegments": 25 }, "geometry": { "type": "LineString", "coordinates": [ [ 77.733198871562251, 27.706762168948298 ], [ 77.7336714, 27.705654 ], [ 77.7339399, 27.7048372 ], [ 77.7340206, 27.7045916 ], [ 77.7346096, 27.7027998 ], [ 77.7349901, 27.7011914 ], [ 77.7350928, 27.7005481 ], [ 77.7351244, 27.7003503 ], [ 77.73526990000002, 27.6994397 ], [ 77.7354098, 27.6982421 ], [ 77.735418428560052, 27.698070406685872 ] ] } },
{ "type": "Feature", "properties": { "segment_id": "YE_MAIN_SB_094", "source_edge_id": "12008956691_2044427155_0", "direction": "SB", "is_mainline": true, "is_ramp": false, "is_interchange_related": false, "interchange_name": null, "chainage_start_km": 90.5, "chainage_end_km": 91.492, "length_m": 992.06700003443825, "road_class": "motorway", "name": "Yamuna Expressway", "lanes": 3.0, "maxspeed": 100.0, "start_node": "sub_12008956691_2044427155_21", "end_node": "sub_12008956691_2044427155_22", "subsegment_index": 21, "total_subsegments": 25 }, "geometry": { "type": "LineString", "coordinates": [ [ 77.735418428560052, 27.698070406685872 ], [ 77.7354737, 27.6969706 ], [ 77.7354663, 27.6955404 ], [ 77.7353893, 27.6943232 ], [ 77.7353734, 27.694071 ], [ 77.7352551, 27.6922002 ], [ 77.735044169937382, 27.689134511656103 ] ] } },
{ "type": "Feature", "properties": { "segment_id": "YE_MAIN_SB_095", "source_edge_id": "12008956691_2044427155_0", "direction": "SB", "is_mainline": true, "is_ramp": false, "is_interchange_related": false, "interchange_name": null, "chainage_start_km": 91.492, "chainage_end_km": 92.484, "length_m": 992.06700003449669, "road_class": "motorway", "name": "Yamuna Expressway", "lanes": 3.0, "maxspeed": 100.0, "start_node": "sub_12008956691_2044427155_22", "end_node": "sub_12008956691_2044427155_23", "subsegment_index": 22, "total_subsegments": 25 }, "geometry": { "type": "LineString", "coordinates": [ [ 77.735044169937382, 27.689134511656103 ], [ 77.7350385, 27.6890521 ], [ 77.7350267, 27.6888805 ], [ 77.7348845, 27.6868154 ], [ 77.734428, 27.680555 ], [ 77.734406982266066, 27.680204483701303 ] ] } },
{ "type": "Feature", "properties": { "segment_id": "YE_MAIN_SB_096", "source_edge_id": "12008956691_2044427155_0", "direction": "SB", "is_mainline": true, "is_ramp": false, "is_interchange_related": false, "interchange_name": null, "chainage_start_km": 92.484, "chainage_end_km": 93.476, "length_m": 992.0670000343149, "road_class": "motorway", "name": "Yamuna Expressway", "lanes": 3.0, "maxspeed": 100.0, "start_node": "sub_12008956691_2044427155_23", "end_node": "sub_12008956691_2044427155_24", "subsegment_index": 23, "total_subsegments": 25 }, "geometry": { "type": "LineString", "coordinates": [ [ 77.734406982266066, 27.680204483701303 ], [ 77.7343356, 27.679014 ], [ 77.7343153, 27.6786756 ], [ 77.7340368, 27.6740284 ], [ 77.7338895, 27.6718768 ], [ 77.7338679, 27.6715614 ], [ 77.7338558, 27.6713853 ], [ 77.73384792806641, 27.671270323435781 ] ] } },
{ "type": "Feature", "properties": { "segment_id": "YE_MAIN_SB_097", "source_edge_id": "12008956691_2044427155_0", "direction": "SB", "is_mainline": true, "is_ramp": false, "is_interchange_related": false, "interchange_name": null, "chainage_start_km": 93.476, "chainage_end_km": 94.468, "length_m": 992.06700003443063, "road_class": "motorway", "name": "Yamuna Expressway", "lanes": 3.0, "maxspeed": 100.0, "start_node": "sub_12008956691_2044427155_24", "end_node": "2044427155", "subsegment_index": 24, "total_subsegments": 25 }, "geometry": { "type": "LineString", "coordinates": [ [ 77.73384792806641, 27.671270323435781 ], [ 77.7338289, 27.6709924 ], [ 77.7334167, 27.6647151 ], [ 77.7334049, 27.6623335 ] ] } },
{ "type": "Feature", "properties": { "segment_id": "YE_MAIN_SB_098", "source_edge_id": "2044427155_13957543373_0", "direction": "SB", "is_mainline": true, "is_ramp": false, "is_interchange_related": false, "interchange_name": null, "chainage_start_km": 94.468, "chainage_end_km": 94.918, "length_m": 450.22836866992407, "road_class": "motorway", "name": "Yamuna Expressway", "lanes": 3.0, "maxspeed": 100.0, "start_node": "2044427155", "end_node": "13957543373", "subsegment_index": 0, "total_subsegments": 1 }, "geometry": { "type": "LineString", "coordinates": [ [ 77.7334049, 27.6623335 ], [ 77.7334825, 27.6610901 ], [ 77.7333927, 27.6600736 ], [ 77.73331810000002, 27.659064 ], [ 77.733189100000018, 27.658288299999988 ] ] } },
{ "type": "Feature", "properties": { "segment_id": "YE_MAIN_SB_099", "source_edge_id": "13957543373_6702944781_0", "direction": "SB", "is_mainline": true, "is_ramp": false, "is_interchange_related": false, "interchange_name": null, "chainage_start_km": 94.918, "chainage_end_km": 96.021, "length_m": 1102.7629724061694, "road_class": "motorway", "name": "Yamuna Expressway", "lanes": 3.0, "maxspeed": 100.0, "start_node": "13957543373", "end_node": "sub_13957543373_6702944781_1", "subsegment_index": 0, "total_subsegments": 4 }, "geometry": { "type": "LineString", "coordinates": [ [ 77.733189100000018, 27.658288299999988 ], [ 77.7331386, 27.6579727 ], [ 77.7329033, 27.6565055 ], [ 77.7327865, 27.6557456 ], [ 77.7327605, 27.6554727 ], [ 77.7327454, 27.6552772 ], [ 77.7327406, 27.6552149 ], [ 77.7327045, 27.65475 ], [ 77.7326488, 27.653645 ], [ 77.7326385, 27.65344 ], [ 77.732701, 27.6516811 ], [ 77.7328711, 27.6496854 ], [ 77.7330898, 27.6484 ], [ 77.733091481687936, 27.648392366140104 ] ] } },
{ "type": "Feature", "properties": { "segment_id": "YE_MAIN_SB_100", "source_edge_id": "13957543373_6702944781_0", "direction": "SB", "is_mainline": true, "is_ramp": false, "is_interchange_related": false, "interchange_name": null, "chainage_start_km": 96.021, "chainage_end_km": 97.124, "length_m": 1102.7629724061594, "road_class": "motorway", "name": "Yamuna Expressway", "lanes": 3.0, "maxspeed": 100.0, "start_node": "sub_13957543373_6702944781_1", "end_node": "sub_13957543373_6702944781_2", "subsegment_index": 1, "total_subsegments": 4 }, "geometry": { "type": "LineString", "coordinates": [ [ 77.733091481687936, 27.648392366140104 ], [ 77.7334231, 27.646887 ], [ 77.7334892, 27.6466645 ], [ 77.734039, 27.6448139 ], [ 77.7350651, 27.6410345 ], [ 77.7356192, 27.6389735 ], [ 77.7356872853846, 27.638720145674807 ] ] } },
{ "type": "Feature", "properties": { "segment_id": "YE_MAIN_SB_101", "source_edge_id": "13957543373_6702944781_0", "direction": "SB", "is_mainline": true, "is_ramp": false, "is_interchange_related": false, "interchange_name": null, "chainage_start_km": 97.124, "chainage_end_km": 98.227, "length_m": 1102.7629724060523, "road_class": "motorway", "name": "Yamuna Expressway", "lanes": 3.0, "maxspeed": 100.0, "start_node": "sub_13957543373_6702944781_2", "end_node": "sub_13957543373_6702944781_3", "subsegment_index": 2, "total_subsegments": 4 }, "geometry": { "type": "LineString", "coordinates": [ [ 77.7356872853846, 27.638720145674807 ], [ 77.7356902, 27.6387093 ], [ 77.7360274, 27.637455 ], [ 77.7377556, 27.6312396 ], [ 77.738333139834211, 27.62905689387463 ] ] } },
{ "type": "Feature", "properties": { "segment_id": "YE_MAIN_SB_102", "source_edge_id": "13957543373_6702944781_0", "direction": "SB", "is_mainline": true, "is_ramp": false, "is_interchange_related": false, "interchange_name": null, "chainage_start_km": 98.227, "chainage_end_km": 99.329, "length_m": 1102.7629724058477, "road_class": "motorway", "name": "Yamuna Expressway", "lanes": 3.0, "maxspeed": 100.0, "start_node": "sub_13957543373_6702944781_3", "end_node": "6702944781", "subsegment_index": 3, "total_subsegments": 4 }, "geometry": { "type": "LineString", "coordinates": [ [ 77.738333139834211, 27.62905689387463 ], [ 77.739307, 27.6253762 ], [ 77.7403264, 27.6216584 ], [ 77.7403731, 27.621488 ], [ 77.7409491, 27.6193872 ] ] } },
{ "type": "Feature", "properties": { "segment_id": "YE_MAIN_SB_103", "source_edge_id": "6702944781_6281738199_0", "direction": "SB", "is_mainline": true, "is_ramp": false, "is_interchange_related": false, "interchange_name": null, "chainage_start_km": 99.329, "chainage_end_km": 100.292, "length_m": 962.29515816292428, "road_class": "motorway", "name": "Yamuna Expressway", "lanes": 3.0, "maxspeed": 100.0, "start_node": "6702944781", "end_node": "sub_6702944781_6281738199_1", "subsegment_index": 0, "total_subsegments": 8 }, "geometry": { "type": "LineString", "coordinates": [ [ 77.7409491, 27.6193872 ], [ 77.7413016, 27.6181017 ], [ 77.741996, 27.6155671 ], [ 77.7421581, 27.6150105 ], [ 77.742311, 27.6144855 ], [ 77.7424924, 27.6138629 ], [ 77.7431589, 27.6115896 ], [ 77.743318344929534, 27.610968529247593 ] ] } },
{ "type": "Feature", "properties": { "segment_id": "YE_MAIN_SB_104", "source_edge_id": "6702944781_6281738199_0", "direction": "SB", "is_mainline": true, "is_ramp": false, "is_interchange_related": false, "interchange_name": null, "chainage_start_km": 100.292, "chainage_end_km": 101.254, "length_m": 962.29515816295157, "road_class": "motorway", "name": "Yamuna Expressway", "lanes": 3.0, "maxspeed": 100.0, "start_node": "sub_6702944781_6281738199_1", "end_node": "sub_6702944781_6281738199_2", "subsegment_index": 1, "total_subsegments": 8 }, "geometry": { "type": "LineString", "coordinates": [ [ 77.743318344929534, 27.610968529247593 ], [ 77.7439123, 27.6086549 ], [ 77.7442242, 27.6075169 ], [ 77.7442786, 27.6073185 ], [ 77.7446517, 27.605957 ], [ 77.7449148, 27.604996 ], [ 77.744977, 27.604769 ], [ 77.7453946, 27.6032436 ], [ 77.745592431753181, 27.602528902310638 ] ] } },
{ "type": "Feature", "properties": { "segment_id": "YE_MAIN_SB_105", "source_edge_id": "6702944781_6281738199_0", "direction": "SB", "is_mainline": true, "is_ramp": false, "is_interchange_related": false, "interchange_name": null, "chainage_start_km": 101.254, "chainage_end_km": 102.216, "length_m": 962.29515816302455, "road_class": "motorway", "name": "Yamuna Expressway", "lanes": 3.0, "maxspeed": 100.0, "start_node": "sub_6702944781_6281738199_2", "end_node": "sub_6702944781_6281738199_3", "subsegment_index": 2, "total_subsegments": 8 }, "geometry": { "type": "LineString", "coordinates": [ [ 77.745592431753181, 27.602528902310638 ], [ 77.7460716, 27.6007978 ], [ 77.7468353, 27.5980782 ], [ 77.7475748, 27.5952693 ], [ 77.747910589990283, 27.59409888589634 ] ] } },
{ "type": "Feature", "properties": { "segment_id": "YE_MAIN_SB_106", "source_edge_id": "6702944781_6281738199_0", "direction": "SB", "is_mainline": true, "is_ramp": false, "is_interchange_related": false, "interchange_name": null, "chainage_start_km": 102.216, "chainage_end_km": 103.179, "length_m": 962.29515816291371, "road_class": "motorway", "name": "Yamuna Expressway", "lanes": 3.0, "maxspeed": 100.0, "start_node": "sub_6702944781_6281738199_3", "end_node": "sub_6702944781_6281738199_4", "subsegment_index": 3, "total_subsegments": 8 }, "geometry": { "type": "LineString", "coordinates": [ [ 77.747910589990283, 27.59409888589634 ], [ 77.7483454, 27.5925833 ], [ 77.7485537, 27.5918234 ], [ 77.748748100000014, 27.5908819 ], [ 77.7489738, 27.5894973 ], [ 77.7490884, 27.5884266 ], [ 77.7491751, 27.5872051 ], [ 77.7491871, 27.586902 ], [ 77.7491957, 27.5866853 ], [ 77.7492029, 27.5865036 ], [ 77.7492029, 27.5860297 ], [ 77.74918910997016, 27.585528610150917 ] ] } },
{ "type": "Feature", "properties": { "segment_id": "YE_MAIN_SB_107", "source_edge_id": "6702944781_6281738199_0", "direction": "SB", "is_mainline": true, "is_ramp": false, "is_interchange_related": false, "interchange_name": null, "chainage_start_km": 103.179, "chainage_end_km": 104.141, "length_m": 962.29515816258095, "road_class": "motorway", "name": "Yamuna Expressway", "lanes": 3.0, "maxspeed": 100.0, "start_node": "sub_6702944781_6281738199_4", "end_node": "sub_6702944781_6281738199_5", "subsegment_index": 4, "total_subsegments": 8 }, "geometry": { "type": "LineString", "coordinates": [ [ 77.74918910997016, 27.585528610150917 ], [ 77.7491786, 27.5851467 ], [ 77.7491127, 27.5843959 ], [ 77.7488141, 27.5818543 ], [ 77.748217, 27.5781772 ], [ 77.7481861, 27.5779844 ], [ 77.748154, 27.5777837 ], [ 77.748015155164325, 27.576916404100267 ] ] } },
{ "type": "Feature", "properties": { "segment_id": "YE_MAIN_SB_108", "source_edge_id": "6702944781_6281738199_0", "direction": "SB", "is_mainline": true, "is_ramp": false, "is_interchange_related": false, "interchange_name": null, "chainage_start_km": 104.141, "chainage_end_km": 105.103, "length_m": 962.29515816307867, "road_class": "motorway", "name": "Yamuna Expressway", "lanes": 3.0, "maxspeed": 100.0, "start_node": "sub_6702944781_6281738199_5", "end_node": "sub_6702944781_6281738199_6", "subsegment_index": 5, "total_subsegments": 8 }, "geometry": { "type": "LineString", "coordinates": [ [ 77.748015155164325, 27.576916404100267 ], [ 77.7475505, 27.5740138 ], [ 77.7472415, 27.5721582 ], [ 77.7470054, 27.5708072 ], [ 77.7468909, 27.5697763 ], [ 77.7468555, 27.5691767 ], [ 77.746836900000019, 27.5688605 ], [ 77.746811, 27.5684223 ], [ 77.746808659210814, 27.568309742465761 ] ] } },
{ "type": "Feature", "properties": { "segment_id": "YE_MAIN_SB_109", "source_edge_id": "6702944781_6281738199_0", "direction": "SB", "is_mainline": true, "is_ramp": false, "is_interchange_related": false, "interchange_name": null, "chainage_start_km": 105.103, "chainage_end_km": 106.066, "length_m": 962.29515816278411, "road_class": "motorway", "name": "Yamuna Expressway", "lanes": 3.0, "maxspeed": 100.0, "start_node": "sub_6702944781_6281738199_6", "end_node": "sub_6702944781_6281738199_7", "subsegment_index": 6, "total_subsegments": 8 }, "geometry": { "type": "LineString", "coordinates": [ [ 77.746808659210814, 27.568309742465761 ], [ 77.7467902, 27.5674221 ], [ 77.7468631, 27.5661819 ], [ 77.7469985, 27.5648832 ], [ 77.747210200000012, 27.5634799 ], [ 77.7473465, 27.5628426 ], [ 77.747381800000014, 27.5626777 ], [ 77.7474255, 27.5624735 ], [ 77.7478224, 27.5611637 ], [ 77.7481522, 27.5601635 ], [ 77.748298162324446, 27.559778979123951 ] ] } },
{ "type": "Feature", "properties": { "segment_id": "YE_MAIN_SB_110", "source_edge_id": "6702944781_6281738199_0", "direction": "SB", "is_mainline": true, "is_ramp": false, "is_interchange_related": false, "interchange_name": null, "chainage_start_km": 106.066, "chainage_end_km": 107.028, "length_m": 962.29515816296203, "road_class": "motorway", "name": "Yamuna Expressway", "lanes": 3.0, "maxspeed": 100.0, "start_node": "sub_6702944781_6281738199_7", "end_node": "6281738199", "subsegment_index": 7, "total_subsegments": 8 }, "geometry": { "type": "LineString", "coordinates": [ [ 77.748298162324446, 27.559778979123951 ], [ 77.7486347, 27.5588924 ], [ 77.7489471, 27.5582215 ], [ 77.7496345, 27.5569381 ], [ 77.7505684, 27.5554115 ], [ 77.7522694, 27.5531032 ], [ 77.7527184, 27.5524501 ], [ 77.7528129, 27.5523125 ], [ 77.752911, 27.5521697 ] ] } },
{ "type": "Feature", "properties": { "segment_id": "YE_MAIN_SB_111", "source_edge_id": "6281738199_6281738208_0", "direction": "SB", "is_mainline": true, "is_ramp": false, "is_interchange_related": false, "interchange_name": null, "chainage_start_km": 107.028, "chainage_end_km": 107.719, "length_m": 691.20570158653766, "road_class": "motorway", "name": "Yamuna Expressway", "lanes": 3.0, "maxspeed": 100.0, "start_node": "6281738199", "end_node": "6281738208", "subsegment_index": 0, "total_subsegments": 1 }, "geometry": { "type": "LineString", "coordinates": [ [ 77.752911, 27.5521697 ], [ 77.7540573, 27.5505024 ], [ 77.7546544, 27.549499 ], [ 77.755213, 27.5483372 ], [ 77.7557095, 27.5471337 ], [ 77.7559185, 27.5465666 ] ] } },
{ "type": "Feature", "properties": { "segment_id": "YE_MAIN_SB_112", "source_edge_id": "6281738208_2044426602_0", "direction": "SB", "is_mainline": true, "is_ramp": false, "is_interchange_related": false, "interchange_name": null, "chainage_start_km": 107.719, "chainage_end_km": 109.181, "length_m": 1461.9189354469315, "road_class": "motorway", "name": "Yamuna Expressway", "lanes": 3.0, "maxspeed": 100.0, "start_node": "6281738208", "end_node": "2044426602", "subsegment_index": 0, "total_subsegments": 1 }, "geometry": { "type": "LineString", "coordinates": [ [ 77.7559185, 27.5465666 ], [ 77.7561677, 27.5458902 ], [ 77.7562103, 27.5457379 ], [ 77.7567372, 27.5438521 ], [ 77.7569349, 27.5431445 ], [ 77.7576536, 27.5406728 ], [ 77.7585281, 27.5385159 ], [ 77.7597229, 27.5362778 ], [ 77.7609831, 27.534249 ] ] } },
{ "type": "Feature", "properties": { "segment_id": "YE_MAIN_SB_113", "source_edge_id": "2044426602_2044426676_0", "direction": "SB", "is_mainline": true, "is_ramp": false, "is_interchange_related": false, "interchange_name": null, "chainage_start_km": 109.181, "chainage_end_km": 109.803, "length_m": 622.2240936057068, "road_class": "motorway", "name": "Yamuna Expressway", "lanes": 3.0, "maxspeed": 100.0, "start_node": "2044426602", "end_node": "2044426676", "subsegment_index": 0, "total_subsegments": 1 }, "geometry": { "type": "LineString", "coordinates": [ [ 77.7609831, 27.534249 ], [ 77.7631386, 27.5307791 ], [ 77.7640382, 27.5293419 ] ] } },
{ "type": "Feature", "properties": { "segment_id": "YE_MAIN_SB_114", "source_edge_id": "2044426676_11892857423_0", "direction": "SB", "is_mainline": true, "is_ramp": false, "is_interchange_related": false, "interchange_name": null, "chainage_start_km": 109.803, "chainage_end_km": 110.87, "length_m": 1066.5484938665456, "road_class": "motorway", "name": "Yamuna Expressway", "lanes": 3.0, "maxspeed": 100.0, "start_node": "2044426676", "end_node": "sub_2044426676_11892857423_1", "subsegment_index": 0, "total_subsegments": 5 }, "geometry": { "type": "LineString", "coordinates": [ [ 77.7640382, 27.5293419 ], [ 77.7649571, 27.5279601 ], [ 77.7675288, 27.5237869 ], [ 77.7683889, 27.5223818 ], [ 77.7685359, 27.5221417 ], [ 77.7685635, 27.5220966 ], [ 77.7690007, 27.5213825 ], [ 77.769279121646647, 27.52093380599025 ] ] } },
{ "type": "Feature", "properties": { "segment_id": "YE_MAIN_SB_115", "source_edge_id": "2044426676_11892857423_0", "direction": "SB", "is_mainline": true, "is_ramp": false, "is_interchange_related": false, "interchange_name": null, "chainage_start_km": 110.87, "chainage_end_km": 111.936, "length_m": 1066.5484938667355, "road_class": "motorway", "name": "Yamuna Expressway", "lanes": 3.0, "maxspeed": 100.0, "start_node": "sub_2044426676_11892857423_1", "end_node": "sub_2044426676_11892857423_2", "subsegment_index": 1, "total_subsegments": 5 }, "geometry": { "type": "LineString", "coordinates": [ [ 77.769279121646647, 27.52093380599025 ], [ 77.770615, 27.5187809 ], [ 77.7723785, 27.5160038 ], [ 77.7741416, 27.5131125 ], [ 77.7741996, 27.5130174 ], [ 77.774504380050217, 27.51251762061392 ] ] } },
{ "type": "Feature", "properties": { "segment_id": "YE_MAIN_SB_116", "source_edge_id": "2044426676_11892857423_0", "direction": "SB", "is_mainline": true, "is_ramp": false, "is_interchange_related": false, "interchange_name": null, "chainage_start_km": 111.936, "chainage_end_km": 113.003, "length_m": 1066.5484938663899, "road_class": "motorway", "name": "Yamuna Expressway", "lanes": 3.0, "maxspeed": 100.0, "start_node": "sub_2044426676_11892857423_2", "end_node": "sub_2044426676_11892857423_3", "subsegment_index": 2, "total_subsegments": 5 }, "geometry": { "type": "LineString", "coordinates": [ [ 77.774504380050217, 27.51251762061392 ], [ 77.774701, 27.5121952 ], [ 77.7769055, 27.5087201 ], [ 77.7784692, 27.5062075 ], [ 77.779675139214532, 27.504076660805119 ] ] } },
{ "type": "Feature", "properties": { "segment_id": "YE_MAIN_SB_117", "source_edge_id": "2044426676_11892857423_0", "direction": "SB", "is_mainline": true, "is_ramp": false, "is_interchange_related": false, "interchange_name": null, "chainage_start_km": 113.003, "chainage_end_km": 114.069, "length_m": 1066.5484938670711, "road_class": "motorway", "name": "Yamuna Expressway", "lanes": 3.0, "maxspeed": 100.0, "start_node": "sub_2044426676_11892857423_3", "end_node": "sub_2044426676_11892857423_4", "subsegment_index": 3, "total_subsegments": 5 }, "geometry": { "type": "LineString", "coordinates": [ [ 77.779675139214532, 27.504076660805119 ], [ 77.7796754, 27.5040762 ], [ 77.7802864, 27.5028014 ], [ 77.7803823, 27.5025696 ], [ 77.780467, 27.502365 ], [ 77.7807933, 27.5015759 ], [ 77.7812654, 27.5002888 ], [ 77.781722, 27.4987568 ], [ 77.7821434, 27.4969117 ], [ 77.782257, 27.4962687 ], [ 77.782390353468401, 27.494820138254514 ] ] } },
{ "type": "Feature", "properties": { "segment_id": "YE_MAIN_SB_118", "source_edge_id": "2044426676_11892857423_0", "direction": "SB", "is_mainline": true, "is_ramp": false, "is_interchange_related": false, "interchange_name": null, "chainage_start_km": 114.069, "chainage_end_km": 115.136, "length_m": 1066.548493866426, "road_class": "motorway", "name": "Yamuna Expressway", "lanes": 3.0, "maxspeed": 100.0, "start_node": "sub_2044426676_11892857423_4", "end_node": "11892857423", "subsegment_index": 4, "total_subsegments": 5 }, "geometry": { "type": "LineString", "coordinates": [ [ 77.782390353468401, 27.494820138254514 ], [ 77.7824608, 27.4940549 ], [ 77.7824834, 27.49159 ], [ 77.7823589, 27.4902045 ], [ 77.7822621, 27.489208 ], [ 77.7822406, 27.4889866 ], [ 77.7818753, 27.4852261 ] ] } },
{ "type": "Feature", "properties": { "segment_id": "YE_MAIN_SB_119", "source_edge_id": "11892857423_11885751250_0", "direction": "SB", "is_mainline": true, "is_ramp": false, "is_interchange_related": false, "interchange_name": null, "chainage_start_km": 115.136, "chainage_end_km": 116.138, "length_m": 1001.6961464969527, "road_class": "motorway", "name": "Yamuna Expressway", "lanes": 3.0, "maxspeed": 100.0, "start_node": "11892857423", "end_node": "sub_11892857423_11885751250_1", "subsegment_index": 0, "total_subsegments": 5 }, "geometry": { "type": "LineString", "coordinates": [ [ 77.7818753, 27.4852261 ], [ 77.7815553, 27.481931 ], [ 77.780970532704544, 27.476227371898023 ] ] } },
{ "type": "Feature", "properties": { "segment_id": "YE_MAIN_SB_120", "source_edge_id": "11892857423_11885751250_0", "direction": "SB", "is_mainline": true, "is_ramp": false, "is_interchange_related": false, "interchange_name": null, "chainage_start_km": 116.138, "chainage_end_km": 117.139, "length_m": 1001.6961464971785, "road_class": "motorway", "name": "Yamuna Expressway", "lanes": 3.0, "maxspeed": 100.0, "start_node": "sub_11892857423_11885751250_1", "end_node": "sub_11892857423_11885751250_2", "subsegment_index": 1, "total_subsegments": 5 }, "geometry": { "type": "LineString", "coordinates": [ [ 77.780970532704544, 27.476227371898023 ], [ 77.780541, 27.4720373 ], [ 77.7805035, 27.4716721 ], [ 77.7803596, 27.4702909 ], [ 77.780061805701592, 27.467228953657632 ] ] } },
{ "type": "Feature", "properties": { "segment_id": "YE_MAIN_SB_121", "source_edge_id": "11892857423_11885751250_0", "direction": "SB", "is_mainline": true, "is_ramp": false, "is_interchange_related": false, "interchange_name": null, "chainage_start_km": 117.139, "chainage_end_km": 118.141, "length_m": 1001.6961464971869, "road_class": "motorway", "name": "Yamuna Expressway", "lanes": 3.0, "maxspeed": 100.0, "start_node": "sub_11892857423_11885751250_2", "end_node": "sub_11892857423_11885751250_3", "subsegment_index": 2, "total_subsegments": 5 }, "geometry": { "type": "LineString", "coordinates": [ [ 77.780061805701592, 27.467228953657632 ], [ 77.7794735, 27.4611792 ], [ 77.7794285, 27.4607158 ], [ 77.7792983, 27.4593774 ], [ 77.779190557642593, 27.458227555037166 ] ] } },
{ "type": "Feature", "properties": { "segment_id": "YE_MAIN_SB_122", "source_edge_id": "11892857423_11885751250_0", "direction": "SB", "is_mainline": true, "is_ramp": false, "is_interchange_related": false, "interchange_name": null, "chainage_start_km": 118.141, "chainage_end_km": 119.143, "length_m": 1001.6961464970395, "road_class": "motorway", "name": "Yamuna Expressway", "lanes": 3.0, "maxspeed": 100.0, "start_node": "sub_11892857423_11885751250_3", "end_node": "sub_11892857423_11885751250_4", "subsegment_index": 3, "total_subsegments": 5 }, "geometry": { "type": "LineString", "coordinates": [ [ 77.779190557642593, 27.458227555037166 ], [ 77.7789162, 27.4552994 ], [ 77.778315400000011, 27.449321 ], [ 77.778305943016179, 27.449227215155439 ] ] } },
{ "type": "Feature", "properties": { "segment_id": "YE_MAIN_SB_123", "source_edge_id": "11892857423_11885751250_0", "direction": "SB", "is_mainline": true, "is_ramp": false, "is_interchange_related": false, "interchange_name": null, "chainage_start_km": 119.143, "chainage_end_km": 120.144, "length_m": 1001.6961464971008, "road_class": "motorway", "name": "Yamuna Expressway", "lanes": 3.0, "maxspeed": 100.0, "start_node": "sub_11892857423_11885751250_4", "end_node": "11885751250", "subsegment_index": 4, "total_subsegments": 5 }, "geometry": { "type": "LineString", "coordinates": [ [ 77.778305943016179, 27.449227215155439 ], [ 77.7782913, 27.449082 ], [ 77.7780718, 27.4468976 ], [ 77.7780064, 27.4461486 ], [ 77.7779725, 27.4455987 ], [ 77.7779681, 27.4454217 ], [ 77.777963400000019, 27.4452285 ], [ 77.7779499, 27.4446796 ], [ 77.777964, 27.4440368 ], [ 77.7780263, 27.442741 ], [ 77.7781476, 27.4415537 ], [ 77.77825510000001, 27.4408255 ], [ 77.7783626, 27.4402251 ] ] } },
{ "type": "Feature", "properties": { "segment_id": "YE_MAIN_SB_124", "source_edge_id": "11885751250_11892823413_0", "direction": "SB", "is_mainline": true, "is_ramp": false, "is_interchange_related": false, "interchange_name": null, "chainage_start_km": 120.144, "chainage_end_km": 121.091, "length_m": 946.39249771359709, "road_class": "motorway", "name": "Yamuna Expressway", "lanes": 3.0, "maxspeed": 100.0, "start_node": "11885751250", "end_node": "sub_11885751250_11892823413_1", "subsegment_index": 0, "total_subsegments": 5 }, "geometry": { "type": "LineString", "coordinates": [ [ 77.7783626, 27.4402251 ], [ 77.7783994, 27.4400194 ], [ 77.7786201, 27.43903 ], [ 77.778838, 27.4381083 ], [ 77.7790983, 27.4372319 ], [ 77.7793954, 27.4363755 ], [ 77.7797831, 27.4353233 ], [ 77.780176400000016, 27.4343162 ], [ 77.7805103, 27.4335854 ], [ 77.780598, 27.4334297 ], [ 77.781303670635751, 27.432138730104498 ] ] } },
{ "type": "Feature", "properties": { "segment_id": "YE_MAIN_SB_125", "source_edge_id": "11885751250_11892823413_0", "direction": "SB", "is_mainline": true, "is_ramp": false, "is_interchange_related": false, "interchange_name": null, "chainage_start_km": 121.091, "chainage_end_km": 122.037, "length_m": 946.39249771325569, "road_class": "motorway", "name": "Yamuna Expressway", "lanes": 3.0, "maxspeed": 100.0, "start_node": "sub_11885751250_11892823413_1", "end_node": "sub_11885751250_11892823413_2", "subsegment_index": 1, "total_subsegments": 5 }, "geometry": { "type": "LineString", "coordinates": [ [ 77.781303670635751, 27.432138730104498 ], [ 77.7814299, 27.4319078 ], [ 77.7832059, 27.4291246 ], [ 77.783399, 27.4288019 ], [ 77.7848506, 27.4263755 ], [ 77.785900985089469, 27.424653985947419 ] ] } },
{ "type": "Feature", "properties": { "segment_id": "YE_MAIN_SB_126", "source_edge_id": "11885751250_11892823413_0", "direction": "SB", "is_mainline": true, "is_ramp": false, "is_interchange_related": false, "interchange_name": null, "chainage_start_km": 122.037, "chainage_end_km": 122.984, "length_m": 946.39249771342065, "road_class": "motorway", "name": "Yamuna Expressway", "lanes": 3.0, "maxspeed": 100.0, "start_node": "sub_11885751250_11892823413_2", "end_node": "sub_11885751250_11892823413_3", "subsegment_index": 2, "total_subsegments": 5 }, "geometry": { "type": "LineString", "coordinates": [ [ 77.785900985089469, 27.424653985947419 ], [ 77.7878998, 27.421377899999989 ], [ 77.7886787, 27.4201332 ], [ 77.7896645, 27.4185576 ], [ 77.79051573916945, 27.417177043155235 ] ] } },
{ "type": "Feature", "properties": { "segment_id": "YE_MAIN_SB_127", "source_edge_id": "11885751250_11892823413_0", "direction": "SB", "is_mainline": true, "is_ramp": false, "is_interchange_related": false, "interchange_name": null, "chainage_start_km": 122.984, "chainage_end_km": 123.93, "length_m": 946.39249771350296, "road_class": "motorway", "name": "Yamuna Expressway", "lanes": 3.0, "maxspeed": 100.0, "start_node": "sub_11885751250_11892823413_3", "end_node": "sub_11885751250_11892823413_4", "subsegment_index": 3, "total_subsegments": 5 }, "geometry": { "type": "LineString", "coordinates": [ [ 77.79051573916945, 27.417177043155235 ], [ 77.7905215, 27.4171677 ], [ 77.7906557, 27.41695 ], [ 77.7928863, 27.4133324 ], [ 77.7929704, 27.413196 ], [ 77.793387, 27.4125204 ], [ 77.795114642587961, 27.409692406649892 ] ] } },
{ "type": "Feature", "properties": { "segment_id": "YE_MAIN_SB_128", "source_edge_id": "11885751250_11892823413_0", "direction": "SB", "is_mainline": true, "is_ramp": false, "is_interchange_related": false, "interchange_name": null, "chainage_start_km": 123.93, "chainage_end_km": 124.876, "length_m": 946.39249771334562, "road_class": "motorway", "name": "Yamuna Expressway", "lanes": 3.0, "maxspeed": 100.0, "start_node": "sub_11885751250_11892823413_4", "end_node": "11892823413", "subsegment_index": 4, "total_subsegments": 5 }, "geometry": { "type": "LineString", "coordinates": [ [ 77.795114642587961, 27.409692406649892 ], [ 77.7964339, 27.4075328 ], [ 77.7965345, 27.407368 ], [ 77.7967591, 27.4070004 ], [ 77.7970552, 27.406528 ], [ 77.7980076, 27.4052313 ], [ 77.79906, 27.4039559 ], [ 77.7997803, 27.4031637 ], [ 77.8003584, 27.4025867 ] ] } },
{ "type": "Feature", "properties": { "segment_id": "YE_MAIN_SB_129", "source_edge_id": "11892823413_11892855196_0", "direction": "SB", "is_mainline": true, "is_ramp": false, "is_interchange_related": false, "interchange_name": null, "chainage_start_km": 124.876, "chainage_end_km": 125.876, "length_m": 999.31120480926802, "road_class": "motorway", "name": "Yamuna Expressway", "lanes": 3.0, "maxspeed": 100.0, "start_node": "11892823413", "end_node": "sub_11892823413_11892855196_1", "subsegment_index": 0, "total_subsegments": 5 }, "geometry": { "type": "LineString", "coordinates": [ [ 77.8003584, 27.4025867 ], [ 77.8004886, 27.4024567 ], [ 77.8011088, 27.4018883 ], [ 77.8020012, 27.4011138 ], [ 77.8029496, 27.4003856 ], [ 77.8030892, 27.4002902 ], [ 77.8038539, 27.3997105 ], [ 77.8046391, 27.3991891 ], [ 77.8051493, 27.3988871 ], [ 77.8064126, 27.3981707 ], [ 77.8070068, 27.3978466 ], [ 77.808388819133526, 27.39720974052425 ] ] } },
{ "type": "Feature", "properties": { "segment_id": "YE_MAIN_SB_130", "source_edge_id": "11892823413_11892855196_0", "direction": "SB", "is_mainline": true, "is_ramp": false, "is_interchange_related": false, "interchange_name": null, "chainage_start_km": 125.876, "chainage_end_km": 126.875, "length_m": 999.31120480923494, "road_class": "motorway", "name": "Yamuna Expressway", "lanes": 3.0, "maxspeed": 100.0, "start_node": "sub_11892823413_11892855196_1", "end_node": "sub_11892823413_11892855196_2", "subsegment_index": 1, "total_subsegments": 5 }, "geometry": { "type": "LineString", "coordinates": [ [ 77.808388819133526, 27.39720974052425 ], [ 77.809013, 27.3969221 ], [ 77.8095473, 27.3967096 ], [ 77.8096982, 27.3966511 ], [ 77.8101306, 27.39648 ], [ 77.8115313, 27.3960227 ], [ 77.8140771, 27.3951909 ], [ 77.8152851, 27.3947621 ], [ 77.8155471, 27.3946691 ], [ 77.8162502, 27.3944196 ], [ 77.8169491, 27.3941407 ], [ 77.8176537, 27.3938342 ], [ 77.817727204271492, 27.393800316851525 ] ] } },
{ "type": "Feature", "properties": { "segment_id": "YE_MAIN_SB_131", "source_edge_id": "11892823413_11892855196_0", "direction": "SB", "is_mainline": true, "is_ramp": false, "is_interchange_related": false, "interchange_name": null, "chainage_start_km": 126.875, "chainage_end_km": 127.874, "length_m": 999.31120480941149, "road_class": "motorway", "name": "Yamuna Expressway", "lanes": 3.0, "maxspeed": 100.0, "start_node": "sub_11892823413_11892855196_2", "end_node": "sub_11892823413_11892855196_3", "subsegment_index": 2, "total_subsegments": 5 }, "geometry": { "type": "LineString", "coordinates": [ [ 77.817727204271492, 27.393800316851525 ], [ 77.8183186, 27.3935277 ], [ 77.8190939, 27.3931308 ], [ 77.8199202, 27.3926635 ], [ 77.820689800000011, 27.3921887 ], [ 77.8215472, 27.3916485 ], [ 77.8222333, 27.3911507 ], [ 77.8224334, 27.3910055 ], [ 77.8231261, 27.3905029 ], [ 77.8238052, 27.3899703 ], [ 77.824555, 27.3893422 ], [ 77.8253699, 27.388586 ], [ 77.825655558109418, 27.388296000010147 ] ] } },
{ "type": "Feature", "properties": { "segment_id": "YE_MAIN_SB_132", "source_edge_id": "11892823413_11892855196_0", "direction": "SB", "is_mainline": true, "is_ramp": false, "is_interchange_related": false, "interchange_name": null, "chainage_start_km": 127.874, "chainage_end_km": 128.874, "length_m": 999.31120480929167, "road_class": "motorway", "name": "Yamuna Expressway", "lanes": 3.0, "maxspeed": 100.0, "start_node": "sub_11892823413_11892855196_3", "end_node": "sub_11892823413_11892855196_4", "subsegment_index": 3, "total_subsegments": 5 }, "geometry": { "type": "LineString", "coordinates": [ [ 77.825655558109418, 27.388296000010147 ], [ 77.8259816, 27.387965 ], [ 77.8273861, 27.386455 ], [ 77.8282705, 27.3855311 ], [ 77.8287107, 27.3850301 ], [ 77.8294189, 27.3842022 ], [ 77.8300912, 27.3833033 ], [ 77.8307075, 27.3824363 ], [ 77.83159133517384, 27.381034574200914 ] ] } },
{ "type": "Feature", "properties": { "segment_id": "YE_MAIN_SB_133", "source_edge_id": "11892823413_11892855196_0", "direction": "SB", "is_mainline": true, "is_ramp": false, "is_interchange_related": false, "interchange_name": null, "chainage_start_km": 128.874, "chainage_end_km": 129.873, "length_m": 999.31120480908407, "road_class": "motorway", "name": "Yamuna Expressway", "lanes": 3.0, "maxspeed": 100.0, "start_node": "sub_11892823413_11892855196_4", "end_node": "11892855196", "subsegment_index": 4, "total_subsegments": 5 }, "geometry": { "type": "LineString", "coordinates": [ [ 77.83159133517384, 27.381034574200914 ], [ 77.8317504, 27.3807823 ], [ 77.8319683, 27.3804054 ], [ 77.8329954, 27.3783778 ], [ 77.8333079, 27.37766 ], [ 77.8342898, 27.3751146 ], [ 77.8352001, 27.3726322 ] ] } },
{ "type": "Feature", "properties": { "segment_id": "YE_MAIN_SB_134", "source_edge_id": "11892855196_11892867607_0", "direction": "SB", "is_mainline": true, "is_ramp": false, "is_interchange_related": false, "interchange_name": null, "chainage_start_km": 129.873, "chainage_end_km": 130.875, "length_m": 1001.636307440942, "road_class": "motorway", "name": "Yamuna Expressway", "lanes": 3.0, "maxspeed": 100.0, "start_node": "11892855196", "end_node": "sub_11892855196_11892867607_1", "subsegment_index": 0, "total_subsegments": 5 }, "geometry": { "type": "LineString", "coordinates": [ [ 77.8352001, 27.3726322 ], [ 77.8355238, 27.3717493 ], [ 77.8365082, 27.3691018 ], [ 77.8367123, 27.3685226 ], [ 77.8377595, 27.3650657 ], [ 77.837799, 27.3649354 ], [ 77.838089162647179, 27.363977527941778 ] ] } },
{ "type": "Feature", "properties": { "segment_id": "YE_MAIN_SB_135", "source_edge_id": "11892855196_11892867607_0", "direction": "SB", "is_mainline": true, "is_ramp": false, "is_interchange_related": false, "interchange_name": null, "chainage_start_km": 130.875, "chainage_end_km": 131.876, "length_m": 1001.6363074407017, "road_class": "motorway", "name": "Yamuna Expressway", "lanes": 3.0, "maxspeed": 100.0, "start_node": "sub_11892855196_11892867607_1", "end_node": "sub_11892855196_11892867607_2", "subsegment_index": 1, "total_subsegments": 5 }, "geometry": { "type": "LineString", "coordinates": [ [ 77.838089162647179, 27.363977527941778 ], [ 77.838168900000014, 27.3637143 ], [ 77.8386357, 27.3624472 ], [ 77.8389358, 27.3616902 ], [ 77.83946, 27.360553 ], [ 77.8399002, 27.3596787 ], [ 77.8403604, 27.3588293 ], [ 77.8410607, 27.3577133 ], [ 77.8416609, 27.3568675 ], [ 77.8423612, 27.3559505 ], [ 77.842429152116537, 27.355868255677944 ] ] } },
{ "type": "Feature", "properties": { "segment_id": "YE_MAIN_SB_136", "source_edge_id": "11892855196_11892867607_0", "direction": "SB", "is_mainline": true, "is_ramp": false, "is_interchange_related": false, "interchange_name": null, "chainage_start_km": 131.876, "chainage_end_km": 132.878, "length_m": 1001.6363074407844, "road_class": "motorway", "name": "Yamuna Expressway", "lanes": 3.0, "maxspeed": 100.0, "start_node": "sub_11892855196_11892867607_2", "end_node": "sub_11892855196_11892867607_3", "subsegment_index": 2, "total_subsegments": 5 }, "geometry": { "type": "LineString", "coordinates": [ [ 77.842429152116537, 27.355868255677944 ], [ 77.8431775, 27.3549625 ], [ 77.8436777, 27.3543369 ], [ 77.8445001, 27.353523 ], [ 77.8447041, 27.3533293 ], [ 77.8449803, 27.3530308 ], [ 77.8464208, 27.3517347 ], [ 77.8471891, 27.351166 ], [ 77.8479934, 27.3505226 ], [ 77.8493299, 27.3496163 ], [ 77.849524165316183, 27.349496787011756 ] ] } },
{ "type": "Feature", "properties": { "segment_id": "YE_MAIN_SB_137", "source_edge_id": "11892855196_11892867607_0", "direction": "SB", "is_mainline": true, "is_ramp": false, "is_interchange_related": false, "interchange_name": null, "chainage_start_km": 132.878, "chainage_end_km": 133.879, "length_m": 1001.6363074409403, "road_class": "motorway", "name": "Yamuna Expressway", "lanes": 3.0, "maxspeed": 100.0, "start_node": "sub_11892855196_11892867607_3", "end_node": "sub_11892855196_11892867607_4", "subsegment_index": 3, "total_subsegments": 5 }, "geometry": { "type": "LineString", "coordinates": [ [ 77.849524165316183, 27.349496787011756 ], [ 77.850254300000017, 27.3490476 ], [ 77.8511787, 27.3485322 ], [ 77.852958, 27.3475101 ], [ 77.8531256, 27.3474138 ], [ 77.8548602, 27.3464174 ], [ 77.8558803, 27.3458518 ], [ 77.8563375, 27.3455984 ], [ 77.85756, 27.3449206 ], [ 77.858041637012818, 27.344623839834298 ] ] } },
{ "type": "Feature", "properties": { "segment_id": "YE_MAIN_SB_138", "source_edge_id": "11892855196_11892867607_0", "direction": "SB", "is_mainline": true, "is_ramp": false, "is_interchange_related": false, "interchange_name": null, "chainage_start_km": 133.879, "chainage_end_km": 134.881, "length_m": 1001.636307440658, "road_class": "motorway", "name": "Yamuna Expressway", "lanes": 3.0, "maxspeed": 100.0, "start_node": "sub_11892855196_11892867607_4", "end_node": "11892867607", "subsegment_index": 4, "total_subsegments": 5 }, "geometry": { "type": "LineString", "coordinates": [ [ 77.858041637012818, 27.344623839834298 ], [ 77.861826, 27.342292 ], [ 77.8654475, 27.3400917 ], [ 77.8663878, 27.3395187 ] ] } },
{ "type": "Feature", "properties": { "segment_id": "YE_MAIN_SB_139", "source_edge_id": "11892867607_11892914351_0", "direction": "SB", "is_mainline": true, "is_ramp": false, "is_interchange_related": false, "interchange_name": null, "chainage_start_km": 134.881, "chainage_end_km": 135.852, "length_m": 970.67555199433718, "road_class": "motorway", "name": "Yamuna Expressway", "lanes": 3.0, "maxspeed": 100.0, "start_node": "11892867607", "end_node": "sub_11892867607_11892914351_1", "subsegment_index": 0, "total_subsegments": 5 }, "geometry": { "type": "LineString", "coordinates": [ [ 77.8663878, 27.3395187 ], [ 77.8695891, 27.3375679 ], [ 77.8705657, 27.336971 ], [ 77.8706801, 27.3369011 ], [ 77.8714619, 27.3364233 ], [ 77.8725188, 27.335699 ], [ 77.8734432, 27.3350094 ], [ 77.8742715, 27.3343695 ], [ 77.874290118122886, 27.334352901804778 ] ] } },
{ "type": "Feature", "properties": { "segment_id": "YE_MAIN_SB_140", "source_edge_id": "11892867607_11892914351_0", "direction": "SB", "is_mainline": true, "is_ramp": false, "is_interchange_related": false, "interchange_name": null, "chainage_start_km": 135.852, "chainage_end_km": 136.822, "length_m": 970.67555199413664, "road_class": "motorway", "name": "Yamuna Expressway", "lanes": 3.0, "maxspeed": 100.0, "start_node": "sub_11892867607_11892914351_1", "end_node": "sub_11892867607_11892914351_2", "subsegment_index": 1, "total_subsegments": 5 }, "geometry": { "type": "LineString", "coordinates": [ [ 77.874290118122886, 27.334352901804778 ], [ 77.874619, 27.3340597 ], [ 77.8748078, 27.3338915 ], [ 77.8754, 27.3333635 ], [ 77.8768218, 27.3320546 ], [ 77.8771913, 27.3317144 ], [ 77.877933, 27.3310315 ], [ 77.8809285, 27.3282847 ], [ 77.881139485281139, 27.328090116034634 ] ] } },
{ "type": "Feature", "properties": { "segment_id": "YE_MAIN_SB_141", "source_edge_id": "11892867607_11892914351_0", "direction": "SB", "is_mainline": true, "is_ramp": false, "is_interchange_related": false, "interchange_name": null, "chainage_start_km": 136.822, "chainage_end_km": 137.793, "length_m": 970.67555199421076, "road_class": "motorway", "name": "Yamuna Expressway", "lanes": 3.0, "maxspeed": 100.0, "start_node": "sub_11892867607_11892914351_2", "end_node": "sub_11892867607_11892914351_3", "subsegment_index": 2, "total_subsegments": 5 }, "geometry": { "type": "LineString", "coordinates": [ [ 77.881139485281139, 27.328090116034634 ], [ 77.8834532, 27.3259562 ], [ 77.8835399, 27.3258762 ], [ 77.884706, 27.3248007 ], [ 77.88665, 27.3230177 ], [ 77.8869767, 27.322724 ], [ 77.8870723, 27.3226381 ], [ 77.887981236430335, 27.321821034206391 ] ] } },
{ "type": "Feature", "properties": { "segment_id": "YE_MAIN_SB_142", "source_edge_id": "11892867607_11892914351_0", "direction": "SB", "is_mainline": true, "is_ramp": false, "is_interchange_related": false, "interchange_name": null, "chainage_start_km": 137.793, "chainage_end_km": 138.764, "length_m": 970.67555199409162, "road_class": "motorway", "name": "Yamuna Expressway", "lanes": 3.0, "maxspeed": 100.0, "start_node": "sub_11892867607_11892914351_3", "end_node": "sub_11892867607_11892914351_4", "subsegment_index": 3, "total_subsegments": 5 }, "geometry": { "type": "LineString", "coordinates": [ [ 77.887981236430335, 27.321821034206391 ], [ 77.8880874, 27.3217256 ], [ 77.8888598, 27.3210924 ], [ 77.8900382, 27.3201734 ], [ 77.8906645, 27.3197485 ], [ 77.8913276, 27.3193697 ], [ 77.8914473, 27.3192966 ], [ 77.8918921, 27.3190274 ], [ 77.892343, 27.3187663 ], [ 77.8927997, 27.3185132 ], [ 77.8932621, 27.3182685 ], [ 77.8937299, 27.318032 ], [ 77.894203, 27.3178041 ], [ 77.8946812, 27.3175846 ], [ 77.8951643, 27.3173738 ], [ 77.8956329, 27.3171794 ], [ 77.896092974639672, 27.316998211580891 ] ] } },
{ "type": "Feature", "properties": { "segment_id": "YE_MAIN_SB_143", "source_edge_id": "11892874192_13726967760_0", "direction": "SB", "is_mainline": true, "is_ramp": false, "is_interchange_related": false, "interchange_name": null, "chainage_start_km": 138.764, "chainage_end_km": 139.775, "length_m": 1011.4749058818684, "road_class": "motorway", "name": "Yamuna Expressway", "lanes": 3.0, "maxspeed": 100.0, "start_node": "11892874192", "end_node": "sub_11892874192_13726967760_1", "subsegment_index": 0, "total_subsegments": 5 }, "geometry": { "type": "LineString", "coordinates": [ [ 77.9623729, 27.3174224 ], [ 77.9623135, 27.3174246 ], [ 77.960952, 27.3174009 ], [ 77.95721570000002, 27.317224 ], [ 77.9550084, 27.3171062 ], [ 77.954732, 27.3170915 ], [ 77.9532666, 27.3170133 ], [ 77.952174260938634, 27.316961037819354 ] ] } },
{ "type": "Feature", "properties": { "segment_id": "YE_MAIN_SB_144", "source_edge_id": "11892874191_11892935348_0", "direction": "SB", "is_mainline": true, "is_ramp": false, "is_interchange_related": false, "interchange_name": null, "chainage_start_km": 139.775, "chainage_end_km": 140.839, "length_m": 1064.1485852354597, "road_class": "motorway", "name": "Yamuna Expressway", "lanes": 3.0, "maxspeed": 100.0, "start_node": "11892874191", "end_node": "sub_11892874191_11892935348_1", "subsegment_index": 0, "total_subsegments": 4 }, "geometry": { "type": "LineString", "coordinates": [ [ 77.962371, 27.3176216 ], [ 77.9625514, 27.3176231 ], [ 77.9639026, 27.3175729 ], [ 77.9654655, 27.317439 ], [ 77.9670003, 27.3172424 ], [ 77.9681725, 27.3170375 ], [ 77.9695354, 27.3167569 ], [ 77.9705946, 27.3164954 ], [ 77.9716915, 27.3161838 ], [ 77.9721933, 27.3160188 ], [ 77.972445, 27.315936 ], [ 77.97286277801814, 27.315798560104525 ] ] } },
{ "type": "Feature", "properties": { "segment_id": "YE_MAIN_SB_145", "source_edge_id": "11892874192_13726967760_0", "direction": "SB", "is_mainline": true, "is_ramp": false, "is_interchange_related": false, "interchange_name": null, "chainage_start_km": 140.839, "chainage_end_km": 141.851, "length_m": 1011.4749058818437, "road_class": "motorway", "name": "Yamuna Expressway", "lanes": 3.0, "maxspeed": 100.0, "start_node": "sub_11892874192_13726967760_1", "end_node": "sub_11892874192_13726967760_2", "subsegment_index": 1, "total_subsegments": 5 }, "geometry": { "type": "LineString", "coordinates": [ [ 77.952174260938634, 27.316961037819354 ], [ 77.9503304, 27.3168728 ], [ 77.9491292, 27.3168165 ], [ 77.9489885, 27.31681 ], [ 77.9431744, 27.316541 ], [ 77.94197530074851, 27.316485860229832 ] ] } },
{ "type": "Feature", "properties": { "segment_id": "YE_MAIN_SB_146", "source_edge_id": "11892874192_13726967760_0", "direction": "SB", "is_mainline": true, "is_ramp": false, "is_interchange_related": false, "interchange_name": null, "chainage_start_km": 141.851, "chainage_end_km": 142.862, "length_m": 1011.4749058817073, "road_class": "motorway", "name": "Yamuna Expressway", "lanes": 3.0, "maxspeed": 100.0, "start_node": "sub_11892874192_13726967760_2", "end_node": "sub_11892874192_13726967760_3", "subsegment_index": 2, "total_subsegments": 5 }, "geometry": { "type": "LineString", "coordinates": [ [ 77.94197530074851, 27.316485860229832 ], [ 77.9398673, 27.3163889 ], [ 77.9342316, 27.3161149 ], [ 77.9331819, 27.3160588 ], [ 77.9329974, 27.316049 ], [ 77.931777961367573, 27.315983844503894 ] ] } },
{ "type": "Feature", "properties": { "segment_id": "YE_MAIN_SB_147", "source_edge_id": "11892874192_13726967760_0", "direction": "SB", "is_mainline": true, "is_ramp": false, "is_interchange_related": false, "interchange_name": null, "chainage_start_km": 142.862, "chainage_end_km": 143.874, "length_m": 1011.4749058818824, "road_class": "motorway", "name": "Yamuna Expressway", "lanes": 3.0, "maxspeed": 100.0, "start_node": "sub_11892874192_13726967760_3", "end_node": "sub_11892874192_13726967760_4", "subsegment_index": 3, "total_subsegments": 5 }, "geometry": { "type": "LineString", "coordinates": [ [ 77.931777961367573, 27.315983844503894 ], [ 77.9317528, 27.3159825 ], [ 77.9311317, 27.3159493 ], [ 77.9304202, 27.3159113 ], [ 77.9254203, 27.3156951 ], [ 77.921579615916755, 27.315499175937408 ] ] } },
{ "type": "Feature", "properties": { "segment_id": "YE_MAIN_SB_148", "source_edge_id": "11892867607_11892914351_0", "direction": "SB", "is_mainline": true, "is_ramp": false, "is_interchange_related": false, "interchange_name": null, "chainage_start_km": 143.874, "chainage_end_km": 144.845, "length_m": 970.67555199429569, "road_class": "motorway", "name": "Yamuna Expressway", "lanes": 3.0, "maxspeed": 100.0, "start_node": "sub_11892867607_11892914351_4", "end_node": "11892914351", "subsegment_index": 4, "total_subsegments": 5 }, "geometry": { "type": "LineString", "coordinates": [ [ 77.896092974639672, 27.316998211580891 ], [ 77.8961057, 27.3169932 ], [ 77.8965824, 27.3168151 ], [ 77.897063, 27.3166453 ], [ 77.8975471, 27.3164838 ], [ 77.8980347, 27.3163306 ], [ 77.8985255, 27.3161859 ], [ 77.8990195, 27.3160497 ], [ 77.8995162, 27.3159221 ], [ 77.9000157, 27.315803 ], [ 77.9005556, 27.3156813 ], [ 77.9010973, 27.3155665 ], [ 77.9016409, 27.3154585 ], [ 77.902381, 27.3153438 ], [ 77.9028036, 27.3152639 ], [ 77.9040964, 27.3151395 ], [ 77.9045567, 27.3151124 ], [ 77.9050381, 27.3150738 ], [ 77.9054039, 27.3150352 ], [ 77.9055894, 27.3150336 ] ] } },
{ "type": "Feature", "properties": { "segment_id": "YE_MAIN_SB_149", "source_edge_id": "11892874192_13726967760_0", "direction": "SB", "is_mainline": true, "is_ramp": false, "is_interchange_related": false, "interchange_name": null, "chainage_start_km": 144.845, "chainage_end_km": 145.856, "length_m": 1011.4749058818168, "road_class": "motorway", "name": "Yamuna Expressway", "lanes": 3.0, "maxspeed": 100.0, "start_node": "sub_11892874192_13726967760_4", "end_node": "13726967760", "subsegment_index": 4, "total_subsegments": 5 }, "geometry": { "type": "LineString", "coordinates": [ [ 77.921579615916755, 27.315499175937408 ], [ 77.9158188, 27.3152051 ], [ 77.9129615, 27.3150731 ], [ 77.912758, 27.3150708 ], [ 77.9113809, 27.3150248 ] ] } },
{ "type": "Feature", "properties": { "segment_id": "YE_MAIN_SB_150", "source_edge_id": "11892874191_11892935348_0", "direction": "SB", "is_mainline": true, "is_ramp": false, "is_interchange_related": false, "interchange_name": null, "chainage_start_km": 145.856, "chainage_end_km": 146.92, "length_m": 1064.14858523526, "road_class": "motorway", "name": "Yamuna Expressway", "lanes": 3.0, "maxspeed": 100.0, "start_node": "sub_11892874191_11892935348_1", "end_node": "sub_11892874191_11892935348_2", "subsegment_index": 1, "total_subsegments": 4 }, "geometry": { "type": "LineString", "coordinates": [ [ 77.97286277801814, 27.315798560104525 ], [ 77.9729885, 27.3157572 ], [ 77.9743726, 27.3152364 ], [ 77.9759474, 27.3145546 ], [ 77.9774327, 27.3138184 ], [ 77.9785272, 27.3132328 ], [ 77.9799984, 27.3124381 ], [ 77.982283385187586, 27.31121392890882 ] ] } },
{ "type": "Feature", "properties": { "segment_id": "YE_MAIN_SB_151", "source_edge_id": "13726967760_13726967761_0", "direction": "SB", "is_mainline": true, "is_ramp": false, "is_interchange_related": false, "interchange_name": null, "chainage_start_km": 146.92, "chainage_end_km": 147.357, "length_m": 436.61870435482638, "road_class": "motorway", "name": "Yamuna Expressway", "lanes": 3.0, "maxspeed": 100.0, "start_node": "13726967760", "end_node": "13726967761", "subsegment_index": 0, "total_subsegments": 1 }, "geometry": { "type": "LineString", "coordinates": [ [ 77.9113809, 27.3150248 ], [ 77.9093273, 27.3149433 ], [ 77.9075432, 27.3148724 ], [ 77.9069763, 27.3148596 ] ] } },
{ "type": "Feature", "properties": { "segment_id": "YE_MAIN_SB_152", "source_edge_id": "13726967761_11892914352_0", "direction": "SB", "is_mainline": true, "is_ramp": false, "is_interchange_related": false, "interchange_name": null, "chainage_start_km": 147.357, "chainage_end_km": 147.495, "length_m": 138.20320599541822, "road_class": "motorway", "name": "Yamuna Expressway", "lanes": 3.0, "maxspeed": 100.0, "start_node": "13726967761", "end_node": "11892914352", "subsegment_index": 0, "total_subsegments": 1 }, "geometry": { "type": "LineString", "coordinates": [ [ 77.9069763, 27.3148596 ], [ 77.9059683, 27.3148642 ], [ 77.905581, 27.3148734 ] ] } },
{ "type": "Feature", "properties": { "segment_id": "YE_MAIN_SB_153", "source_edge_id": "11892874191_11892935348_0", "direction": "SB", "is_mainline": true, "is_ramp": false, "is_interchange_related": false, "interchange_name": null, "chainage_start_km": 147.495, "chainage_end_km": 148.559, "length_m": 1064.148585235361, "road_class": "motorway", "name": "Yamuna Expressway", "lanes": 3.0, "maxspeed": 100.0, "start_node": "sub_11892874191_11892935348_2", "end_node": "sub_11892874191_11892935348_3", "subsegment_index": 2, "total_subsegments": 4 }, "geometry": { "type": "LineString", "coordinates": [ [ 77.982283385187586, 27.31121392890882 ], [ 77.9835058, 27.310559 ], [ 77.9837966, 27.3104031 ], [ 77.9842122, 27.3101805 ], [ 77.9880204, 27.3081425 ], [ 77.9905704, 27.3067848 ], [ 77.9909341, 27.3066145 ], [ 77.9911607, 27.3065083 ], [ 77.991532631444102, 27.30633408159137 ] ] } },
{ "type": "Feature", "properties": { "segment_id": "YE_MAIN_SB_154", "source_edge_id": "11892874191_11892935348_0", "direction": "SB", "is_mainline": true, "is_ramp": false, "is_interchange_related": false, "interchange_name": null, "chainage_start_km": 148.559, "chainage_end_km": 149.623, "length_m": 1064.1485852354524, "road_class": "motorway", "name": "Yamuna Expressway", "lanes": 3.0, "maxspeed": 100.0, "start_node": "sub_11892874191_11892935348_3", "end_node": "11892935348", "subsegment_index": 3, "total_subsegments": 4 }, "geometry": { "type": "LineString", "coordinates": [ [ 77.991532631444102, 27.30633408159137 ], [ 77.9917322, 27.3062406 ], [ 77.9930804, 27.3056579 ], [ 77.9939671, 27.3053313 ], [ 77.9940576, 27.3052955 ], [ 77.9942807, 27.3052153 ], [ 77.9967207, 27.3044703 ], [ 77.9978886, 27.3041955 ], [ 77.9996868, 27.3038538 ], [ 78.0009993, 27.3036329 ], [ 78.001754, 27.3035446 ] ] } },
{ "type": "Feature", "properties": { "segment_id": "YE_MAIN_SB_155", "source_edge_id": "11892935348_11892921230_0", "direction": "SB", "is_mainline": true, "is_ramp": false, "is_interchange_related": false, "interchange_name": null, "chainage_start_km": 149.623, "chainage_end_km": 150.073, "length_m": 449.85201004454257, "road_class": "motorway", "name": "Yamuna Expressway", "lanes": 3.0, "maxspeed": 100.0, "start_node": "11892935348", "end_node": "11892921230", "subsegment_index": 0, "total_subsegments": 1 }, "geometry": { "type": "LineString", "coordinates": [ [ 78.001754, 27.3035446 ], [ 78.0026882, 27.3034354 ], [ 78.0028122, 27.3034207 ], [ 78.0033699, 27.3033529 ], [ 78.0039287, 27.3032903 ], [ 78.0062554, 27.3030075 ] ] } },
{ "type": "Feature", "properties": { "segment_id": "YE_MAIN_SB_156", "source_edge_id": "11892921230_3816317009_0", "direction": "SB", "is_mainline": true, "is_ramp": false, "is_interchange_related": false, "interchange_name": null, "chainage_start_km": 150.073, "chainage_end_km": 151.109, "length_m": 1036.1005537969122, "road_class": "motorway", "name": "Yamuna Expressway", "lanes": 3.0, "maxspeed": 100.0, "start_node": "11892921230", "end_node": "sub_11892921230_3816317009_1", "subsegment_index": 0, "total_subsegments": 2 }, "geometry": { "type": "LineString", "coordinates": [ [ 78.0062554, 27.3030075 ], [ 78.0087383, 27.3027057 ], [ 78.0088876, 27.3026875 ], [ 78.0110972, 27.302419 ], [ 78.0113298, 27.3023907 ], [ 78.016630385455983, 27.301823461350036 ] ] } },
{ "type": "Feature", "properties": { "segment_id": "YE_MAIN_SB_157", "source_edge_id": "11892921230_3816317009_0", "direction": "SB", "is_mainline": true, "is_ramp": false, "is_interchange_related": false, "interchange_name": null, "chainage_start_km": 151.109, "chainage_end_km": 152.145, "length_m": 1036.100553796859, "road_class": "motorway", "name": "Yamuna Expressway", "lanes": 3.0, "maxspeed": 100.0, "start_node": "sub_11892921230_3816317009_1", "end_node": "3816317009", "subsegment_index": 1, "total_subsegments": 2 }, "geometry": { "type": "LineString", "coordinates": [ [ 78.016630385455983, 27.301823461350036 ], [ 78.0176904, 27.30171 ], [ 78.0237685, 27.3009977 ], [ 78.0240376, 27.3009697 ], [ 78.0260128, 27.300662 ], [ 78.0269829, 27.3005057 ] ] } },
{ "type": "Feature", "properties": { "segment_id": "YE_MAIN_SB_158", "source_edge_id": "3816317009_3816316988_0", "direction": "SB", "is_mainline": true, "is_ramp": false, "is_interchange_related": false, "interchange_name": null, "chainage_start_km": 152.145, "chainage_end_km": 152.639, "length_m": 493.61280947870091, "road_class": "motorway", "name": "Yamuna Expressway", "lanes": 3.0, "maxspeed": 100.0, "start_node": "3816317009", "end_node": "3816316988", "subsegment_index": 0, "total_subsegments": 1 }, "geometry": { "type": "LineString", "coordinates": [ [ 78.0269829, 27.3005057 ], [ 78.0275856, 27.3003593 ], [ 78.0283924, 27.3001765 ], [ 78.0297445, 27.2998195 ], [ 78.0305049, 27.299559 ], [ 78.0317326, 27.2991725 ] ] } },
{ "type": "Feature", "properties": { "segment_id": "YE_MAIN_SB_159", "source_edge_id": "3816316988_13963950318_0", "direction": "SB", "is_mainline": true, "is_ramp": false, "is_interchange_related": false, "interchange_name": null, "chainage_start_km": 152.639, "chainage_end_km": 153.632, "length_m": 992.86246125602054, "road_class": "motorway", "name": "Yamuna Expressway", "lanes": 3.0, "maxspeed": 100.0, "start_node": "3816316988", "end_node": "sub_3816316988_13963950318_1", "subsegment_index": 0, "total_subsegments": 8 }, "geometry": { "type": "LineString", "coordinates": [ [ 78.0317326, 27.2991725 ], [ 78.031871, 27.299129 ], [ 78.0336416, 27.2984836 ], [ 78.0339918, 27.2983668 ], [ 78.0353196, 27.297715 ], [ 78.0361872, 27.2972407 ], [ 78.0370687, 27.2966951 ], [ 78.0386399, 27.2954909 ], [ 78.039977567028288, 27.294266778388973 ] ] } },
{ "type": "Feature", "properties": { "segment_id": "YE_MAIN_SB_160", "source_edge_id": "3816316988_13963950318_0", "direction": "SB", "is_mainline": true, "is_ramp": false, "is_interchange_related": false, "interchange_name": null, "chainage_start_km": 153.632, "chainage_end_km": 154.625, "length_m": 992.86246125611535, "road_class": "motorway", "name": "Yamuna Expressway", "lanes": 3.0, "maxspeed": 100.0, "start_node": "sub_3816316988_13963950318_1", "end_node": "sub_3816316988_13963950318_2", "subsegment_index": 1, "total_subsegments": 8 }, "geometry": { "type": "LineString", "coordinates": [ [ 78.039977567028288, 27.294266778388973 ], [ 78.0401526, 27.2941066 ], [ 78.0411428, 27.2929085 ], [ 78.0412606, 27.292766 ], [ 78.0427242, 27.2909348 ], [ 78.0439058, 27.2896486 ], [ 78.0445763, 27.2889982 ], [ 78.0462239, 27.2876611 ], [ 78.046453153366556, 27.287475421890939 ] ] } },
{ "type": "Feature", "properties": { "segment_id": "YE_MAIN_SB_161", "source_edge_id": "3816316988_13963950318_0", "direction": "SB", "is_mainline": true, "is_ramp": false, "is_interchange_related": false, "interchange_name": null, "chainage_start_km": 154.625, "chainage_end_km": 155.618, "length_m": 992.86246125632954, "road_class": "motorway", "name": "Yamuna Expressway", "lanes": 3.0, "maxspeed": 100.0, "start_node": "sub_3816316988_13963950318_2", "end_node": "sub_3816316988_13963950318_3", "subsegment_index": 2, "total_subsegments": 8 }, "geometry": { "type": "LineString", "coordinates": [ [ 78.046453153366556, 27.287475421890939 ], [ 78.0480228, 27.2862041 ], [ 78.0482839, 27.2860213 ], [ 78.0519801, 27.2834348 ], [ 78.0524363, 27.2831156 ], [ 78.0530675, 27.2826739 ], [ 78.054251326146684, 27.281858396182869 ] ] } },
{ "type": "Feature", "properties": { "segment_id": "YE_MAIN_SB_162", "source_edge_id": "3816316988_13963950318_0", "direction": "SB", "is_mainline": true, "is_ramp": false, "is_interchange_related": false, "interchange_name": null, "chainage_start_km": 155.618, "chainage_end_km": 156.61, "length_m": 992.86246125617811, "road_class": "motorway", "name": "Yamuna Expressway", "lanes": 3.0, "maxspeed": 100.0, "start_node": "sub_3816316988_13963950318_3", "end_node": "sub_3816316988_13963950318_4", "subsegment_index": 3, "total_subsegments": 8 }, "geometry": { "type": "LineString", "coordinates": [ [ 78.054251326146684, 27.281858396182869 ], [ 78.0563393, 27.28042 ], [ 78.05721010000002, 27.2796897 ], [ 78.0581382, 27.2788757 ], [ 78.0592666, 27.2778474 ], [ 78.0597988, 27.277215 ], [ 78.0599081, 27.2770852 ], [ 78.0604039, 27.2764961 ], [ 78.061190949803503, 27.275477358862002 ] ] } },
{ "type": "Feature", "properties": { "segment_id": "YE_MAIN_SB_163", "source_edge_id": "3816316988_13963950318_0", "direction": "SB", "is_mainline": true, "is_ramp": false, "is_interchange_related": false, "interchange_name": null, "chainage_start_km": 156.61, "chainage_end_km": 157.603, "length_m": 992.86246125605862, "road_class": "motorway", "name": "Yamuna Expressway", "lanes": 3.0, "maxspeed": 100.0, "start_node": "sub_3816316988_13963950318_4", "end_node": "sub_3816316988_13963950318_5", "subsegment_index": 4, "total_subsegments": 8 }, "geometry": { "type": "LineString", "coordinates": [ [ 78.061190949803503, 27.275477358862002 ], [ 78.0616672, 27.2748609 ], [ 78.0636174, 27.2718266 ], [ 78.0646967, 27.2703548 ], [ 78.0656502, 27.2693628 ], [ 78.0659958, 27.2690033 ], [ 78.0663035, 27.2686832 ], [ 78.066947206195067, 27.268214158794194 ] ] } },
{ "type": "Feature", "properties": { "segment_id": "YE_MAIN_SB_164", "source_edge_id": "3816316988_13963950318_0", "direction": "SB", "is_mainline": true, "is_ramp": false, "is_interchange_related": false, "interchange_name": null, "chainage_start_km": 157.603, "chainage_end_km": 158.596, "length_m": 992.86246125609216, "road_class": "motorway", "name": "Yamuna Expressway", "lanes": 3.0, "maxspeed": 100.0, "start_node": "sub_3816316988_13963950318_5", "end_node": "sub_3816316988_13963950318_6", "subsegment_index": 5, "total_subsegments": 8 }, "geometry": { "type": "LineString", "coordinates": [ [ 78.066947206195067, 27.268214158794194 ], [ 78.0677998, 27.2675929 ], [ 78.0695251, 27.2666154 ], [ 78.071382, 27.2656469 ], [ 78.0728922, 27.2649732 ], [ 78.0743057, 27.264254 ], [ 78.0748071, 27.2639744 ], [ 78.0750452, 27.2638331 ], [ 78.075491999388817, 27.2635699566206 ] ] } },
{ "type": "Feature", "properties": { "segment_id": "YE_MAIN_SB_165", "source_edge_id": "3816316988_13963950318_0", "direction": "SB", "is_mainline": true, "is_ramp": false, "is_interchange_related": false, "interchange_name": null, "chainage_start_km": 158.596, "chainage_end_km": 159.589, "length_m": 992.86246125622517, "road_class": "motorway", "name": "Yamuna Expressway", "lanes": 3.0, "maxspeed": 100.0, "start_node": "sub_3816316988_13963950318_6", "end_node": "sub_3816316988_13963950318_7", "subsegment_index": 6, "total_subsegments": 8 }, "geometry": { "type": "LineString", "coordinates": [ [ 78.075491999388817, 27.2635699566206 ], [ 78.0761064, 27.2632081 ], [ 78.0777788, 27.2619942 ], [ 78.0786994, 27.261239 ], [ 78.0798085, 27.2602526 ], [ 78.0816114, 27.2583993 ], [ 78.082639918326251, 27.25734372344996 ] ] } },
{ "type": "Feature", "properties": { "segment_id": "YE_MAIN_SB_166", "source_edge_id": "3816316988_13963950318_0", "direction": "SB", "is_mainline": true, "is_ramp": false, "is_interchange_related": false, "interchange_name": null, "chainage_start_km": 159.589, "chainage_end_km": 160.582, "length_m": 992.86246125595903, "road_class": "motorway", "name": "Yamuna Expressway", "lanes": 3.0, "maxspeed": 100.0, "start_node": "sub_3816316988_13963950318_7", "end_node": "13963950318", "subsegment_index": 7, "total_subsegments": 8 }, "geometry": { "type": "LineString", "coordinates": [ [ 78.082639918326251, 27.25734372344996 ], [ 78.0844295, 27.255507 ], [ 78.0845368, 27.2553909 ], [ 78.0855734, 27.2543021 ], [ 78.0865196, 27.2533266 ], [ 78.0879396, 27.2518565 ], [ 78.0891907, 27.2505697 ] ] } },
{ "type": "Feature", "properties": { "segment_id": "YE_MAIN_SB_167", "source_edge_id": "13963950318_3184590112_0", "direction": "SB", "is_mainline": true, "is_ramp": false, "is_interchange_related": false, "interchange_name": null, "chainage_start_km": 160.582, "chainage_end_km": 161.728, "length_m": 1146.0230034191623, "road_class": "motorway", "name": "Yamuna Expressway", "lanes": 3.0, "maxspeed": 100.0, "start_node": "13963950318", "end_node": "sub_13963950318_3184590112_1", "subsegment_index": 0, "total_subsegments": 3 }, "geometry": { "type": "LineString", "coordinates": [ [ 78.0891907, 27.2505697 ], [ 78.0892684, 27.2504899 ], [ 78.0900553, 27.2497224 ], [ 78.0904041, 27.2493316 ], [ 78.0910039, 27.2486992 ], [ 78.0947879, 27.2449055 ], [ 78.096817002369662, 27.242803130133289 ] ] } },
{ "type": "Feature", "properties": { "segment_id": "YE_MAIN_SB_168", "source_edge_id": "13963950318_3184590112_0", "direction": "SB", "is_mainline": true, "is_ramp": false, "is_interchange_related": false, "interchange_name": null, "chainage_start_km": 161.728, "chainage_end_km": 162.874, "length_m": 1146.0230034193314, "road_class": "motorway", "name": "Yamuna Expressway", "lanes": 3.0, "maxspeed": 100.0, "start_node": "sub_13963950318_3184590112_1", "end_node": "sub_13963950318_3184590112_2", "subsegment_index": 1, "total_subsegments": 3 }, "geometry": { "type": "LineString", "coordinates": [ [ 78.096817002369662, 27.242803130133289 ], [ 78.1014848, 27.2379664 ], [ 78.1041014, 27.2354935 ], [ 78.1042928, 27.2353523 ], [ 78.104576351694718, 27.235154660796795 ] ] } },
{ "type": "Feature", "properties": { "segment_id": "YE_MAIN_SB_169", "source_edge_id": "13963950318_3184590112_0", "direction": "SB", "is_mainline": true, "is_ramp": false, "is_interchange_related": false, "interchange_name": null, "chainage_start_km": 162.874, "chainage_end_km": 164.02, "length_m": 1146.0230034193269, "road_class": "motorway", "name": "Yamuna Expressway", "lanes": 3.0, "maxspeed": 100.0, "start_node": "sub_13963950318_3184590112_2", "end_node": "3184590112", "subsegment_index": 2, "total_subsegments": 3 }, "geometry": { "type": "LineString", "coordinates": [ [ 78.104576351694718, 27.235154660796795 ], [ 78.1066181, 27.2337315 ], [ 78.108101, 27.2328318 ], [ 78.1085785, 27.2325754 ], [ 78.1125499, 27.2305737 ], [ 78.1143537, 27.2296776 ] ] } },
{ "type": "Feature", "properties": { "segment_id": "YE_MAIN_SB_170", "source_edge_id": "3184590112_3184590086_0", "direction": "SB", "is_mainline": true, "is_ramp": false, "is_interchange_related": false, "interchange_name": null, "chainage_start_km": 164.02, "chainage_end_km": 164.832, "length_m": 811.81300737156994, "road_class": "motorway", "name": "Yamuna Expressway", "lanes": 3.0, "maxspeed": 100.0, "start_node": "3184590112", "end_node": "3184590086", "subsegment_index": 0, "total_subsegments": 1 }, "geometry": { "type": "LineString", "coordinates": [ [ 78.1143537, 27.2296776 ], [ 78.1171529, 27.228287 ], [ 78.118419, 27.2276364 ], [ 78.1188779, 27.2272831 ], [ 78.1192615, 27.2269304 ], [ 78.1197081, 27.2264215 ], [ 78.1199526, 27.2260702 ], [ 78.1201958, 27.225635 ], [ 78.1203506, 27.2252688 ], [ 78.1204202, 27.2250992 ] ] } },
{ "type": "Feature", "properties": { "segment_id": "YE_MAIN_SB_171", "source_edge_id": "3184590086_3184591189_0", "direction": "SB", "is_mainline": true, "is_ramp": false, "is_interchange_related": false, "interchange_name": null, "chainage_start_km": 164.832, "chainage_end_km": 164.964, "length_m": 132.60861703438843, "road_class": "motorway", "name": "Yamuna Expressway", "lanes": 3.0, "maxspeed": 100.0, "start_node": "3184590086", "end_node": "3184591189", "subsegment_index": 0, "total_subsegments": 1 }, "geometry": { "type": "LineString", "coordinates": [ [ 78.1204202, 27.2250992 ], [ 78.1207688, 27.2239447 ] ] } },
{ "type": "Feature", "properties": { "segment_id": "YE_MAIN_SB_172", "source_edge_id": "11927664842_3877103174_0", "direction": "SB", "is_mainline": true, "is_ramp": false, "is_interchange_related": false, "interchange_name": null, "chainage_start_km": 164.964, "chainage_end_km": 165.884, "length_m": 919.35349757590245, "road_class": "motorway", "name": "Yamuna Expressway", "lanes": 3.0, "maxspeed": 100.0, "start_node": "11927664842", "end_node": "sub_11927664842_3877103174_1", "subsegment_index": 0, "total_subsegments": 5 }, "geometry": { "type": "LineString", "coordinates": [ [ 78.1148862, 27.2002136 ], [ 78.1148994, 27.1999965 ], [ 78.1149527, 27.1991185 ], [ 78.11509, 27.1966864 ], [ 78.1154009, 27.1957151 ], [ 78.1158002, 27.1949704 ], [ 78.116006700000014, 27.1946648 ], [ 78.1165206, 27.194077 ], [ 78.1168464, 27.1936026 ], [ 78.117696425108946, 27.192594530856081 ] ] } },
{ "type": "Feature", "properties": { "segment_id": "YE_MAIN_SB_173", "source_edge_id": "11927664842_3877103174_0", "direction": "SB", "is_mainline": true, "is_ramp": false, "is_interchange_related": false, "interchange_name": null, "chainage_start_km": 165.884, "chainage_end_km": 166.803, "length_m": 919.35349757572226, "road_class": "motorway", "name": "Yamuna Expressway", "lanes": 3.0, "maxspeed": 100.0, "start_node": "sub_11927664842_3877103174_1", "end_node": "sub_11927664842_3877103174_2", "subsegment_index": 1, "total_subsegments": 5 }, "geometry": { "type": "LineString", "coordinates": [ [ 78.117696425108946, 27.192594530856081 ], [ 78.1179952, 27.1922402 ], [ 78.1184613, 27.1915886 ], [ 78.1189109, 27.190726 ], [ 78.1192313, 27.189682 ], [ 78.1193146, 27.1891304 ], [ 78.1196255, 27.1851588 ], [ 78.119647685747523, 27.184658214423902 ] ] } },
{ "type": "Feature", "properties": { "segment_id": "YE_MAIN_SB_174", "source_edge_id": "11927664842_3877103174_0", "direction": "SB", "is_mainline": true, "is_ramp": false, "is_interchange_related": false, "interchange_name": null, "chainage_start_km": 166.803, "chainage_end_km": 167.722, "length_m": 919.35349757550568, "road_class": "motorway", "name": "Yamuna Expressway", "lanes": 3.0, "maxspeed": 100.0, "start_node": "sub_11927664842_3877103174_2", "end_node": "sub_11927664842_3877103174_3", "subsegment_index": 2, "total_subsegments": 5 }, "geometry": { "type": "LineString", "coordinates": [ [ 78.119647685747523, 27.184658214423902 ], [ 78.1196539, 27.184518 ], [ 78.1196095, 27.1832537 ], [ 78.1197808, 27.1789299 ], [ 78.1199483, 27.1776607 ], [ 78.1199463, 27.1774919 ], [ 78.1199355, 27.1769279 ], [ 78.119900263460451, 27.176380997263113 ] ] } },
{ "type": "Feature", "properties": { "segment_id": "YE_MAIN_SB_175", "source_edge_id": "11927664842_3877103174_0", "direction": "SB", "is_mainline": true, "is_ramp": false, "is_interchange_related": false, "interchange_name": null, "chainage_start_km": 167.722, "chainage_end_km": 168.642, "length_m": 919.35349757603728, "road_class": "motorway", "name": "Yamuna Expressway", "lanes": 3.0, "maxspeed": 100.0, "start_node": "sub_11927664842_3877103174_3", "end_node": "sub_11927664842_3877103174_4", "subsegment_index": 3, "total_subsegments": 5 }, "geometry": { "type": "LineString", "coordinates": [ [ 78.119900263460451, 27.176380997263113 ], [ 78.1198131, 27.1750281 ], [ 78.1196354, 27.1734573 ], [ 78.1196086, 27.1732327 ], [ 78.1192264, 27.1713553 ], [ 78.1189511, 27.1702676 ], [ 78.1186251, 27.1691978 ], [ 78.118304174712137, 27.168241617562533 ] ] } },
{ "type": "Feature", "properties": { "segment_id": "YE_MAIN_SB_176", "source_edge_id": "11927664842_3877103174_0", "direction": "SB", "is_mainline": true, "is_ramp": false, "is_interchange_related": false, "interchange_name": null, "chainage_start_km": 168.642, "chainage_end_km": 169.561, "length_m": 919.35349757570805, "road_class": "motorway", "name": "Yamuna Expressway", "lanes": 3.0, "maxspeed": 100.0, "start_node": "sub_11927664842_3877103174_4", "end_node": "3877103174", "subsegment_index": 4, "total_subsegments": 5 }, "geometry": { "type": "LineString", "coordinates": [ [ 78.118304174712137, 27.168241617562533 ], [ 78.1181038, 27.1676446 ], [ 78.1180441, 27.1674775 ], [ 78.1172658, 27.1655115 ], [ 78.1159077, 27.1617323 ], [ 78.1153413, 27.1603881 ] ] } },
{ "type": "Feature", "properties": { "segment_id": "YE_MAIN_SB_177", "source_edge_id": "3877103174_3877103159_0", "direction": "SB", "is_mainline": true, "is_ramp": false, "is_interchange_related": false, "interchange_name": null, "chainage_start_km": 169.561, "chainage_end_km": 170.232, "length_m": 670.88731553404978, "road_class": "motorway", "name": "Yamuna Expressway", "lanes": 3.0, "maxspeed": 100.0, "start_node": "3877103174", "end_node": "3877103159", "subsegment_index": 0, "total_subsegments": 1 }, "geometry": { "type": "LineString", "coordinates": [ [ 78.1153413, 27.1603881 ], [ 78.1124461, 27.1549205 ] ] } },
{ "type": "Feature", "properties": { "segment_id": "YE_MAIN_SB_178", "source_edge_id": "3877103159_4598137246_0", "direction": "SB", "is_mainline": true, "is_ramp": false, "is_interchange_related": false, "interchange_name": null, "chainage_start_km": 170.232, "chainage_end_km": 171.321, "length_m": 1088.6187702919813, "road_class": "motorway", "name": "Yamuna Expressway", "lanes": 3.0, "maxspeed": 100.0, "start_node": "3877103159", "end_node": "sub_3877103159_4598137246_1", "subsegment_index": 0, "total_subsegments": 2 }, "geometry": { "type": "LineString", "coordinates": [ [ 78.1124461, 27.1549205 ], [ 78.112172, 27.1543951 ], [ 78.1120763, 27.1542169 ], [ 78.1098507, 27.1502822 ], [ 78.1087412, 27.1485903 ], [ 78.1077645, 27.1472687 ], [ 78.106965747554625, 27.146453659333798 ] ] } },
{ "type": "Feature", "properties": { "segment_id": "YE_MAIN_SB_179", "source_edge_id": "3877103159_4598137246_0", "direction": "SB", "is_mainline": true, "is_ramp": false, "is_interchange_related": false, "interchange_name": null, "chainage_start_km": 171.321, "chainage_end_km": 172.409, "length_m": 1088.618770291936, "road_class": "motorway", "name": "Yamuna Expressway", "lanes": 3.0, "maxspeed": 100.0, "start_node": "sub_3877103159_4598137246_1", "end_node": "4598137246", "subsegment_index": 1, "total_subsegments": 2 }, "geometry": { "type": "LineString", "coordinates": [ [ 78.106965747554625, 27.146453659333798 ], [ 78.1065046, 27.1459831 ], [ 78.1057534, 27.1452066 ], [ 78.1044242, 27.1441472 ], [ 78.1015458, 27.1420453 ], [ 78.1012113, 27.1418208 ], [ 78.0996159, 27.1406656 ], [ 78.0987107, 27.1400172 ] ] } },
{ "type": "Feature", "properties": { "segment_id": "YE_MAIN_SB_180", "source_edge_id": "4598137245_4598137238_0", "direction": "SB", "is_mainline": true, "is_ramp": false, "is_interchange_related": false, "interchange_name": null, "chainage_start_km": 172.409, "chainage_end_km": 173.025, "length_m": 615.59372368694551, "road_class": "motorway", "name": "Yamuna Expressway", "lanes": 3.0, "maxspeed": 120.0, "start_node": "4598137245", "end_node": "4598137238", "subsegment_index": 0, "total_subsegments": 1 }, "geometry": { "type": "LineString", "coordinates": [ [ 78.0984649, 27.1401284 ], [ 78.094488, 27.1372537 ], [ 78.0936591, 27.1366173 ] ] } },
{ "type": "Feature", "properties": { "segment_id": "YE_MAIN_SB_181", "source_edge_id": "4598137246_4598137233_0", "direction": "SB", "is_mainline": true, "is_ramp": false, "is_interchange_related": false, "interchange_name": null, "chainage_start_km": 173.025, "chainage_end_km": 173.648, "length_m": 623.40944710267411, "road_class": "motorway", "name": "Yamuna Expressway", "lanes": 3.0, "maxspeed": 100.0, "start_node": "4598137246", "end_node": "4598137233", "subsegment_index": 0, "total_subsegments": 1 }, "geometry": { "type": "LineString", "coordinates": [ [ 78.0987107, 27.1400172 ], [ 78.094640100000021, 27.1371016 ], [ 78.0938314, 27.1364756 ] ] } },
{ "type": "Feature", "properties": { "segment_id": "YE_MAIN_SB_182", "source_edge_id": "4598137233_4838323290_0", "direction": "SB", "is_mainline": true, "is_ramp": false, "is_interchange_related": false, "interchange_name": null, "chainage_start_km": 173.648, "chainage_end_km": 174.233, "length_m": 584.83208828794488, "road_class": "motorway", "name": "Yamuna Expressway", "lanes": 3.0, "maxspeed": 100.0, "start_node": "4598137233", "end_node": "4838323290", "subsegment_index": 0, "total_subsegments": 1 }, "geometry": { "type": "LineString", "coordinates": [ [ 78.0938314, 27.1364756 ], [ 78.0928855, 27.1356151 ], [ 78.0896534, 27.1327552 ] ] } },
{ "type": "Feature", "properties": { "segment_id": "YE_MAIN_SB_183", "source_edge_id": "4838323290_11881660640_0", "direction": "SB", "is_mainline": true, "is_ramp": false, "is_interchange_related": false, "interchange_name": null, "chainage_start_km": 174.233, "chainage_end_km": 174.499, "length_m": 265.61569261236377, "road_class": "motorway", "name": "Yamuna Expressway", "lanes": 3.0, "maxspeed": 100.0, "start_node": "4838323290", "end_node": "11881660640", "subsegment_index": 0, "total_subsegments": 1 }, "geometry": { "type": "LineString", "coordinates": [ [ 78.0896534, 27.1327552 ], [ 78.0877566, 27.1310648 ] ] } },
{ "type": "Feature", "properties": { "segment_id": "YE_MAIN_NB_001", "source_edge_id": "11881660636_10972336798_0", "direction": "NB", "is_mainline": true, "is_ramp": false, "is_interchange_related": false, "interchange_name": null, "chainage_start_km": 0.0, "chainage_end_km": 0.227, "length_m": 227.23206744530108, "road_class": "motorway", "name": "Yamuna Expressway", "lanes": 3.0, "maxspeed": 120.0, "start_node": "11881660636", "end_node": "10972336798", "subsegment_index": 0, "total_subsegments": 1 }, "geometry": { "type": "LineString", "coordinates": [ [ 78.0877057, 27.131399 ], [ 78.0882991, 27.1319308 ], [ 78.0893358, 27.1328384 ] ] } },
{ "type": "Feature", "properties": { "segment_id": "YE_MAIN_NB_002", "source_edge_id": "10972336798_4598137238_0", "direction": "NB", "is_mainline": true, "is_ramp": false, "is_interchange_related": false, "interchange_name": null, "chainage_start_km": 0.227, "chainage_end_km": 0.827, "length_m": 599.64184671164696, "road_class": "motorway", "name": "Yamuna Expressway", "lanes": 3.0, "maxspeed": 120.0, "start_node": "10972336798", "end_node": "4598137238", "subsegment_index": 0, "total_subsegments": 1 }, "geometry": { "type": "LineString", "coordinates": [ [ 78.0893358, 27.1328384 ], [ 78.0926783, 27.135765 ], [ 78.0936591, 27.1366173 ] ] } },
{ "type": "Feature", "properties": { "segment_id": "YE_MAIN_NB_003", "source_edge_id": "4598137233_4598137246_0", "direction": "NB", "is_mainline": true, "is_ramp": false, "is_interchange_related": false, "interchange_name": null, "chainage_start_km": 0.827, "chainage_end_km": 1.45, "length_m": 623.40944710267411, "road_class": "motorway", "name": "Yamuna Expressway", "lanes": 3.0, "maxspeed": 100.0, "start_node": "4598137233", "end_node": "4598137246", "subsegment_index": 0, "total_subsegments": 1 }, "geometry": { "type": "LineString", "coordinates": [ [ 78.0938314, 27.1364756 ], [ 78.094640100000021, 27.1371016 ], [ 78.0987107, 27.1400172 ] ] } },
{ "type": "Feature", "properties": { "segment_id": "YE_MAIN_NB_004", "source_edge_id": "4598137238_4598137245_0", "direction": "NB", "is_mainline": true, "is_ramp": false, "is_interchange_related": false, "interchange_name": null, "chainage_start_km": 1.45, "chainage_end_km": 2.066, "length_m": 615.59372368694551, "road_class": "motorway", "name": "Yamuna Expressway", "lanes": 3.0, "maxspeed": 120.0, "start_node": "4598137238", "end_node": "4598137245", "subsegment_index": 0, "total_subsegments": 1 }, "geometry": { "type": "LineString", "coordinates": [ [ 78.0936591, 27.1366173 ], [ 78.094488, 27.1372537 ], [ 78.0984649, 27.1401284 ] ] } },
{ "type": "Feature", "properties": { "segment_id": "YE_MAIN_NB_005", "source_edge_id": "4598137245_4598137251_0", "direction": "NB", "is_mainline": true, "is_ramp": false, "is_interchange_related": false, "interchange_name": null, "chainage_start_km": 2.066, "chainage_end_km": 2.983, "length_m": 916.6814287392873, "road_class": "motorway", "name": "Yamuna Expressway", "lanes": 3.0, "maxspeed": 120.0, "start_node": "4598137245", "end_node": "sub_4598137245_4598137251_1", "subsegment_index": 0, "total_subsegments": 3 }, "geometry": { "type": "LineString", "coordinates": [ [ 78.0984649, 27.1401284 ], [ 78.1008569, 27.1418828 ], [ 78.1013982, 27.1422701 ], [ 78.1052537, 27.1451473 ], [ 78.105551937034761, 27.145428405220347 ] ] } },
{ "type": "Feature", "properties": { "segment_id": "YE_MAIN_NB_006", "source_edge_id": "4598137245_4598137251_0", "direction": "NB", "is_mainline": true, "is_ramp": false, "is_interchange_related": false, "interchange_name": null, "chainage_start_km": 2.983, "chainage_end_km": 3.899, "length_m": 916.68142873941849, "road_class": "motorway", "name": "Yamuna Expressway", "lanes": 3.0, "maxspeed": 120.0, "start_node": "sub_4598137245_4598137251_1", "end_node": "sub_4598137245_4598137251_2", "subsegment_index": 1, "total_subsegments": 3 }, "geometry": { "type": "LineString", "coordinates": [ [ 78.105551937034761, 27.145428405220347 ], [ 78.10634850000001, 27.1461792 ], [ 78.1074846, 27.1473839 ], [ 78.1084205, 27.1486357 ], [ 78.109739, 27.1505474 ], [ 78.110677854736707, 27.152254976270925 ] ] } },
{ "type": "Feature", "properties": { "segment_id": "YE_MAIN_NB_007", "source_edge_id": "4598137245_4598137251_0", "direction": "NB", "is_mainline": true, "is_ramp": false, "is_interchange_related": false, "interchange_name": null, "chainage_start_km": 3.899, "chainage_end_km": 4.816, "length_m": 916.6814287390664, "road_class": "motorway", "name": "Yamuna Expressway", "lanes": 3.0, "maxspeed": 120.0, "start_node": "sub_4598137245_4598137251_2", "end_node": "4598137251", "subsegment_index": 2, "total_subsegments": 3 }, "geometry": { "type": "LineString", "coordinates": [ [ 78.110677854736707, 27.152254976270925 ], [ 78.1117682, 27.154238 ], [ 78.1118548, 27.1543994 ], [ 78.113375, 27.1571952 ], [ 78.1145467, 27.159307 ], [ 78.1147222, 27.1596868 ] ] } },
{ "type": "Feature", "properties": { "segment_id": "YE_MAIN_NB_008", "source_edge_id": "4598137251_4519158103_0", "direction": "NB", "is_mainline": true, "is_ramp": false, "is_interchange_related": false, "interchange_name": null, "chainage_start_km": 4.816, "chainage_end_km": 5.329, "length_m": 512.67980409575398, "road_class": "motorway", "name": "Yamuna Expressway", "lanes": 3.0, "maxspeed": 120.0, "start_node": "4598137251", "end_node": "4519158103", "subsegment_index": 0, "total_subsegments": 1 }, "geometry": { "type": "LineString", "coordinates": [ [ 78.1147222, 27.1596868 ], [ 78.1154343, 27.1612278 ], [ 78.1155566, 27.1614924 ], [ 78.1159443, 27.1625039 ], [ 78.1165041, 27.1640237 ] ] } },
{ "type": "Feature", "properties": { "segment_id": "YE_MAIN_NB_009", "source_edge_id": "4519158103_11927664841_0", "direction": "NB", "is_mainline": true, "is_ramp": false, "is_interchange_related": false, "interchange_name": null, "chainage_start_km": 5.329, "chainage_end_km": 6.37, "length_m": 1041.6277816744191, "road_class": "motorway", "name": "Yamuna Expressway", "lanes": 3.0, "maxspeed": 120.0, "start_node": "4519158103", "end_node": "sub_4519158103_11927664841_1", "subsegment_index": 0, "total_subsegments": 4 }, "geometry": { "type": "LineString", "coordinates": [ [ 78.1165041, 27.1640237 ], [ 78.117276, 27.1663407 ], [ 78.1177059, 27.1673461 ], [ 78.11797420000002, 27.1680559 ], [ 78.118221, 27.1687733 ], [ 78.1186829, 27.1702795 ], [ 78.1188888, 27.1710904 ], [ 78.1192769, 27.172891 ], [ 78.119299930320807, 27.173061807848267 ] ] } },
{ "type": "Feature", "properties": { "segment_id": "YE_MAIN_NB_010", "source_edge_id": "4519158103_11927664841_0", "direction": "NB", "is_mainline": true, "is_ramp": false, "is_interchange_related": false, "interchange_name": null, "chainage_start_km": 6.37, "chainage_end_km": 7.412, "length_m": 1041.6277816742074, "road_class": "motorway", "name": "Yamuna Expressway", "lanes": 3.0, "maxspeed": 120.0, "start_node": "sub_4519158103_11927664841_1", "end_node": "sub_4519158103_11927664841_2", "subsegment_index": 1, "total_subsegments": 4 }, "geometry": { "type": "LineString", "coordinates": [ [ 78.119299930320807, 27.173061807848267 ], [ 78.1193866, 27.1737046 ], [ 78.1195477, 27.1750492 ], [ 78.1196635, 27.1772693 ], [ 78.119652, 27.1778052 ], [ 78.119583, 27.1789454 ], [ 78.119395204560547, 27.182434344485685 ] ] } },
{ "type": "Feature", "properties": { "segment_id": "YE_MAIN_NB_011", "source_edge_id": "4519158103_11927664841_0", "direction": "NB", "is_mainline": true, "is_ramp": false, "is_interchange_related": false, "interchange_name": null, "chainage_start_km": 7.412, "chainage_end_km": 8.453, "length_m": 1041.6277816743923, "road_class": "motorway", "name": "Yamuna Expressway", "lanes": 3.0, "maxspeed": 120.0, "start_node": "sub_4519158103_11927664841_2", "end_node": "sub_4519158103_11927664841_3", "subsegment_index": 2, "total_subsegments": 4 }, "geometry": { "type": "LineString", "coordinates": [ [ 78.119395204560547, 27.182434344485685 ], [ 78.1193503, 27.1832686 ], [ 78.1193899, 27.1845342 ], [ 78.1193546, 27.1851434 ], [ 78.1190862, 27.1890682 ], [ 78.1188272, 27.1901467 ], [ 78.1183327, 27.1913248 ], [ 78.118119872576131, 27.191663140786481 ] ] } },
{ "type": "Feature", "properties": { "segment_id": "YE_MAIN_NB_012", "source_edge_id": "4519158103_11927664841_0", "direction": "NB", "is_mainline": true, "is_ramp": false, "is_interchange_related": false, "interchange_name": null, "chainage_start_km": 8.453, "chainage_end_km": 9.495, "length_m": 1041.6277816743857, "road_class": "motorway", "name": "Yamuna Expressway", "lanes": 3.0, "maxspeed": 120.0, "start_node": "sub_4519158103_11927664841_3", "end_node": "11927664841", "subsegment_index": 3, "total_subsegments": 4 }, "geometry": { "type": "LineString", "coordinates": [ [ 78.118119872576131, 27.191663140786481 ], [ 78.1177794, 27.1922044 ], [ 78.1169436, 27.1931153 ], [ 78.1163018, 27.1939437 ], [ 78.1157449, 27.1945939 ], [ 78.1152818, 27.1954088 ], [ 78.115064, 27.1960323 ], [ 78.1148481, 27.1967174 ], [ 78.1146273, 27.1999818 ], [ 78.1146186, 27.2001098 ], [ 78.114612, 27.200199 ] ] } },
{ "type": "Feature", "properties": { "segment_id": "YE_MAIN_NB_013", "source_edge_id": "3184591188_11881766062_0", "direction": "NB", "is_mainline": true, "is_ramp": false, "is_interchange_related": false, "interchange_name": null, "chainage_start_km": 9.495, "chainage_end_km": 9.722, "length_m": 226.57516129075512, "road_class": "motorway", "name": "Yamuna Expressway", "lanes": 3.0, "maxspeed": 100.0, "start_node": "3184591188", "end_node": "11881766062", "subsegment_index": 0, "total_subsegments": 1 }, "geometry": { "type": "LineString", "coordinates": [ [ 78.1204566, 27.2239082 ], [ 78.120125, 27.2250549 ], [ 78.1199203, 27.22554 ], [ 78.11974720000002, 27.2258431 ] ] } },
{ "type": "Feature", "properties": { "segment_id": "YE_MAIN_NB_014", "source_edge_id": "11881766062_3184590113_0", "direction": "NB", "is_mainline": true, "is_ramp": false, "is_interchange_related": false, "interchange_name": null, "chainage_start_km": 9.722, "chainage_end_km": 10.651, "length_m": 929.39887600063923, "road_class": "motorway", "name": "Yamuna Expressway", "lanes": 3.0, "maxspeed": 100.0, "start_node": "11881766062", "end_node": "3184590113", "subsegment_index": 0, "total_subsegments": 1 }, "geometry": { "type": "LineString", "coordinates": [ [ 78.11974720000002, 27.2258431 ], [ 78.1195883, 27.2261214 ], [ 78.119173, 27.2266025 ], [ 78.1186586, 27.2271118 ], [ 78.1181657, 27.2274499 ], [ 78.1171718, 27.2280448 ], [ 78.1162993, 27.2284874 ], [ 78.112129, 27.2305351 ] ] } },
{ "type": "Feature", "properties": { "segment_id": "YE_MAIN_NB_015", "source_edge_id": "3184590113_13963950319_0", "direction": "NB", "is_mainline": true, "is_ramp": false, "is_interchange_related": false, "interchange_name": null, "chainage_start_km": 10.651, "chainage_end_km": 11.72, "length_m": 1068.5464080951665, "road_class": "motorway", "name": "Yamuna Expressway", "lanes": 3.0, "maxspeed": 100.0, "start_node": "3184590113", "end_node": "sub_3184590113_13963950319_1", "subsegment_index": 0, "total_subsegments": 3 }, "geometry": { "type": "LineString", "coordinates": [ [ 78.112129, 27.2305351 ], [ 78.1109885, 27.2311557 ], [ 78.1093735, 27.2319627 ], [ 78.1084575, 27.2324221 ], [ 78.1079768, 27.2326879 ], [ 78.1064176, 27.233649499999988 ], [ 78.104232, 27.2351966 ], [ 78.1040261, 27.2353553 ], [ 78.103304819703581, 27.236005900023301 ] ] } },
{ "type": "Feature", "properties": { "segment_id": "YE_MAIN_NB_016", "source_edge_id": "3184590113_13963950319_0", "direction": "NB", "is_mainline": true, "is_ramp": false, "is_interchange_related": false, "interchange_name": null, "chainage_start_km": 11.72, "chainage_end_km": 12.788, "length_m": 1068.5464080954689, "road_class": "motorway", "name": "Yamuna Expressway", "lanes": 3.0, "maxspeed": 100.0, "start_node": "sub_3184590113_13963950319_1", "end_node": "sub_3184590113_13963950319_2", "subsegment_index": 1, "total_subsegments": 3 }, "geometry": { "type": "LineString", "coordinates": [ [ 78.103304819703581, 27.236005900023301 ], [ 78.1012826, 27.2378299 ], [ 78.096102441557377, 27.243170116476055 ] ] } },
{ "type": "Feature", "properties": { "segment_id": "YE_MAIN_NB_017", "source_edge_id": "3184590113_13963950319_0", "direction": "NB", "is_mainline": true, "is_ramp": false, "is_interchange_related": false, "interchange_name": null, "chainage_start_km": 12.788, "chainage_end_km": 13.857, "length_m": 1068.5464080951547, "road_class": "motorway", "name": "Yamuna Expressway", "lanes": 3.0, "maxspeed": 100.0, "start_node": "sub_3184590113_13963950319_2", "end_node": "13963950319", "subsegment_index": 2, "total_subsegments": 3 }, "geometry": { "type": "LineString", "coordinates": [ [ 78.096102441557377, 27.243170116476055 ], [ 78.0945759, 27.2447437 ], [ 78.0908298, 27.2485777 ], [ 78.0902335, 27.2491869 ], [ 78.0898739, 27.2495727 ], [ 78.08903220000002, 27.2504445 ] ] } },
{ "type": "Feature", "properties": { "segment_id": "YE_MAIN_NB_018", "source_edge_id": "13963950319_3816317458_0", "direction": "NB", "is_mainline": true, "is_ramp": false, "is_interchange_related": false, "interchange_name": null, "chainage_start_km": 13.857, "chainage_end_km": 14.817, "length_m": 959.89373902116472, "road_class": "motorway", "name": "Yamuna Expressway", "lanes": 3.0, "maxspeed": 100.0, "start_node": "13963950319", "end_node": "sub_13963950319_3816317458_1", "subsegment_index": 0, "total_subsegments": 8 }, "geometry": { "type": "LineString", "coordinates": [ [ 78.08903220000002, 27.2504445 ], [ 78.088712, 27.2507769 ], [ 78.0862794, 27.2533028 ], [ 78.0843888, 27.2552492 ], [ 78.0842584, 27.2553835 ], [ 78.082696389656263, 27.256991714830775 ] ] } },
{ "type": "Feature", "properties": { "segment_id": "YE_MAIN_NB_019", "source_edge_id": "13963950319_3816317458_0", "direction": "NB", "is_mainline": true, "is_ramp": false, "is_interchange_related": false, "interchange_name": null, "chainage_start_km": 14.817, "chainage_end_km": 15.777, "length_m": 959.89373902111811, "road_class": "motorway", "name": "Yamuna Expressway", "lanes": 3.0, "maxspeed": 100.0, "start_node": "sub_13963950319_3816317458_1", "end_node": "sub_13963950319_3816317458_2", "subsegment_index": 1, "total_subsegments": 8 }, "geometry": { "type": "LineString", "coordinates": [ [ 78.082696389656263, 27.256991714830775 ], [ 78.0821044, 27.2576012 ], [ 78.0796603, 27.2601174 ], [ 78.0775947, 27.2618827 ], [ 78.0770223, 27.2623145 ], [ 78.075880494457664, 27.26310958784736 ] ] } },
{ "type": "Feature", "properties": { "segment_id": "YE_MAIN_NB_020", "source_edge_id": "13963950319_3816317458_0", "direction": "NB", "is_mainline": true, "is_ramp": false, "is_interchange_related": false, "interchange_name": null, "chainage_start_km": 15.777, "chainage_end_km": 16.736, "length_m": 959.89373902121019, "road_class": "motorway", "name": "Yamuna Expressway", "lanes": 3.0, "maxspeed": 100.0, "start_node": "sub_13963950319_3816317458_2", "end_node": "sub_13963950319_3816317458_3", "subsegment_index": 2, "total_subsegments": 8 }, "geometry": { "type": "LineString", "coordinates": [ [ 78.075880494457664, 27.26310958784736 ], [ 78.0757676, 27.2631882 ], [ 78.0749351, 27.2636726 ], [ 78.0746662, 27.2638389 ], [ 78.0745939, 27.2638769 ], [ 78.0732583, 27.2645964 ], [ 78.0711652, 27.2655524 ], [ 78.0693208, 27.2663182 ], [ 78.0681066, 27.2669657 ], [ 78.067473536001515, 27.267374946014503 ] ] } },
{ "type": "Feature", "properties": { "segment_id": "YE_MAIN_NB_021", "source_edge_id": "13963950319_3816317458_0", "direction": "NB", "is_mainline": true, "is_ramp": false, "is_interchange_related": false, "interchange_name": null, "chainage_start_km": 16.736, "chainage_end_km": 17.696, "length_m": 959.89373902139187, "road_class": "motorway", "name": "Yamuna Expressway", "lanes": 3.0, "maxspeed": 100.0, "start_node": "sub_13963950319_3816317458_3", "end_node": "sub_13963950319_3816317458_4", "subsegment_index": 3, "total_subsegments": 8 }, "geometry": { "type": "LineString", "coordinates": [ [ 78.067473536001515, 27.267374946014503 ], [ 78.0672162, 27.2675413 ], [ 78.0660483, 27.2684459 ], [ 78.0657414, 27.2687485 ], [ 78.0655001, 27.2689864 ], [ 78.0653082, 27.2691757 ], [ 78.0643542, 27.2702909 ], [ 78.0632383, 27.271699 ], [ 78.06166453956682, 27.274209316200178 ] ] } },
{ "type": "Feature", "properties": { "segment_id": "YE_MAIN_NB_022", "source_edge_id": "13963950319_3816317458_0", "direction": "NB", "is_mainline": true, "is_ramp": false, "is_interchange_related": false, "interchange_name": null, "chainage_start_km": 17.696, "chainage_end_km": 18.656, "length_m": 959.89373902094599, "road_class": "motorway", "name": "Yamuna Expressway", "lanes": 3.0, "maxspeed": 100.0, "start_node": "sub_13963950319_3816317458_4", "end_node": "sub_13963950319_3816317458_5", "subsegment_index": 4, "total_subsegments": 8 }, "geometry": { "type": "LineString", "coordinates": [ [ 78.06166453956682, 27.274209316200178 ], [ 78.0613245, 27.2747517 ], [ 78.0600814, 27.2763499 ], [ 78.0596114, 27.2768845 ], [ 78.0594918, 27.2770206 ], [ 78.0589629, 27.2776223 ], [ 78.0581259, 27.278407 ], [ 78.0571978, 27.279319 ], [ 78.0561839, 27.2802311 ], [ 78.055414431010476, 27.280761231777479 ] ] } },
{ "type": "Feature", "properties": { "segment_id": "YE_MAIN_NB_023", "source_edge_id": "13963950319_3816317458_0", "direction": "NB", "is_mainline": true, "is_ramp": false, "is_interchange_related": false, "interchange_name": null, "chainage_start_km": 18.656, "chainage_end_km": 19.616, "length_m": 959.89373902141131, "road_class": "motorway", "name": "Yamuna Expressway", "lanes": 3.0, "maxspeed": 100.0, "start_node": "sub_13963950319_3816317458_5", "end_node": "sub_13963950319_3816317458_6", "subsegment_index": 5, "total_subsegments": 8 }, "geometry": { "type": "LineString", "coordinates": [ [ 78.055414431010476, 27.280761231777479 ], [ 78.0529273, 27.2824747 ], [ 78.0518648, 27.2832199 ], [ 78.0515018, 27.2834744 ], [ 78.0484112, 27.2856419 ], [ 78.0481921, 27.2857956 ], [ 78.047776691934445, 27.286086869209736 ] ] } },
{ "type": "Feature", "properties": { "segment_id": "YE_MAIN_NB_024", "source_edge_id": "13963950319_3816317458_0", "direction": "NB", "is_mainline": true, "is_ramp": false, "is_interchange_related": false, "interchange_name": null, "chainage_start_km": 19.616, "chainage_end_km": 20.576, "length_m": 959.89373902113903, "road_class": "motorway", "name": "Yamuna Expressway", "lanes": 3.0, "maxspeed": 100.0, "start_node": "sub_13963950319_3816317458_6", "end_node": "sub_13963950319_3816317458_7", "subsegment_index": 6, "total_subsegments": 8 }, "geometry": { "type": "LineString", "coordinates": [ [ 78.047776691934445, 27.286086869209736 ], [ 78.047702200000018, 27.2861391 ], [ 78.045116, 27.2881939 ], [ 78.0440868, 27.2891188 ], [ 78.0427454, 27.2904445 ], [ 78.041143200508259, 27.292356391870133 ] ] } },
{ "type": "Feature", "properties": { "segment_id": "YE_MAIN_NB_025", "source_edge_id": "13963950319_3816317458_0", "direction": "NB", "is_mainline": true, "is_ramp": false, "is_interchange_related": false, "interchange_name": null, "chainage_start_km": 20.576, "chainage_end_km": 21.536, "length_m": 959.89373902115017, "road_class": "motorway", "name": "Yamuna Expressway", "lanes": 3.0, "maxspeed": 100.0, "start_node": "sub_13963950319_3816317458_7", "end_node": "3816317458", "subsegment_index": 7, "total_subsegments": 8 }, "geometry": { "type": "LineString", "coordinates": [ [ 78.041143200508259, 27.292356391870133 ], [ 78.0409424, 27.292596 ], [ 78.0408494, 27.2927119 ], [ 78.0398602, 27.2939591 ], [ 78.0384321, 27.2953978 ], [ 78.0369577, 27.2965127 ], [ 78.0351819, 27.2975235 ], [ 78.0340492, 27.2980829 ] ] } },
{ "type": "Feature", "properties": { "segment_id": "YE_MAIN_NB_026", "source_edge_id": "3816317458_11892921229_0", "direction": "NB", "is_mainline": true, "is_ramp": false, "is_interchange_related": false, "interchange_name": null, "chainage_start_km": 21.536, "chainage_end_km": 22.476, "length_m": 939.92799864570441, "road_class": "motorway", "name": "Yamuna Expressway", "lanes": 3.0, "maxspeed": 100.0, "start_node": "3816317458", "end_node": "sub_3816317458_11892921229_1", "subsegment_index": 0, "total_subsegments": 3 }, "geometry": { "type": "LineString", "coordinates": [ [ 78.0340492, 27.2980829 ], [ 78.0338397, 27.2981665 ], [ 78.0335122, 27.2983117 ], [ 78.0319925, 27.298831 ], [ 78.0312275, 27.2991252 ], [ 78.0304312, 27.29938 ], [ 78.0301447, 27.2994836 ], [ 78.0282631, 27.3000104 ], [ 78.0269886, 27.3002969 ], [ 78.026024, 27.3004914 ], [ 78.025033210561546, 27.300633738666832 ] ] } },
{ "type": "Feature", "properties": { "segment_id": "YE_MAIN_NB_027", "source_edge_id": "3816317458_11892921229_0", "direction": "NB", "is_mainline": true, "is_ramp": false, "is_interchange_related": false, "interchange_name": null, "chainage_start_km": 22.476, "chainage_end_km": 23.416, "length_m": 939.92799864562835, "road_class": "motorway", "name": "Yamuna Expressway", "lanes": 3.0, "maxspeed": 100.0, "start_node": "sub_3816317458_11892921229_1", "end_node": "sub_3816317458_11892921229_2", "subsegment_index": 1, "total_subsegments": 3 }, "geometry": { "type": "LineString", "coordinates": [ [ 78.025033210561546, 27.300633738666832 ], [ 78.0242782, 27.3007422 ], [ 78.0239993, 27.3007736 ], [ 78.0176413, 27.3014884 ], [ 78.015621594652188, 27.301708132303176 ] ] } },
{ "type": "Feature", "properties": { "segment_id": "YE_MAIN_NB_028", "source_edge_id": "3816317458_11892921229_0", "direction": "NB", "is_mainline": true, "is_ramp": false, "is_interchange_related": false, "interchange_name": null, "chainage_start_km": 23.416, "chainage_end_km": 24.356, "length_m": 939.92799864570748, "road_class": "motorway", "name": "Yamuna Expressway", "lanes": 3.0, "maxspeed": 100.0, "start_node": "sub_3816317458_11892921229_2", "end_node": "11892921229", "subsegment_index": 2, "total_subsegments": 3 }, "geometry": { "type": "LineString", "coordinates": [ [ 78.015621594652188, 27.301708132303176 ], [ 78.0113202, 27.302176 ], [ 78.0062014, 27.3027252 ] ] } },
{ "type": "Feature", "properties": { "segment_id": "YE_MAIN_NB_029", "source_edge_id": "11892921229_11892935347_0", "direction": "NB", "is_mainline": true, "is_ramp": false, "is_interchange_related": false, "interchange_name": null, "chainage_start_km": 24.356, "chainage_end_km": 24.803, "length_m": 447.40008473576177, "road_class": "motorway", "name": "Yamuna Expressway", "lanes": 3.0, "maxspeed": 100.0, "start_node": "11892921229", "end_node": "11892935347", "subsegment_index": 0, "total_subsegments": 1 }, "geometry": { "type": "LineString", "coordinates": [ [ 78.0062014, 27.3027252 ], [ 78.0038695, 27.3029754 ], [ 78.0027714, 27.3031059 ], [ 78.0026478, 27.30312 ], [ 78.0017283, 27.3032744 ] ] } },
{ "type": "Feature", "properties": { "segment_id": "YE_MAIN_NB_030", "source_edge_id": "11892935347_11892874192_0", "direction": "NB", "is_mainline": true, "is_ramp": false, "is_interchange_related": false, "interchange_name": null, "chainage_start_km": 24.803, "chainage_end_km": 25.867, "length_m": 1063.9917813009486, "road_class": "motorway", "name": "Yamuna Expressway", "lanes": 3.0, "maxspeed": 100.0, "start_node": "11892935347", "end_node": "sub_11892935347_11892874192_1", "subsegment_index": 0, "total_subsegments": 4 }, "geometry": { "type": "LineString", "coordinates": [ [ 78.0017283, 27.3032744 ], [ 78.0008587, 27.3034204 ], [ 77.998698, 27.3037752 ], [ 77.9981998, 27.3038885 ], [ 77.9968296, 27.3042003 ], [ 77.996774, 27.304217 ], [ 77.9955091, 27.304596299999989 ], [ 77.994267900000011, 27.304996 ], [ 77.9939631, 27.3051168 ], [ 77.9938591, 27.3051567 ], [ 77.9927764, 27.3055626 ], [ 77.991526314084254, 27.306122914883542 ] ] } },
{ "type": "Feature", "properties": { "segment_id": "YE_MAIN_NB_031", "source_edge_id": "11892935347_11892874192_0", "direction": "NB", "is_mainline": true, "is_ramp": false, "is_interchange_related": false, "interchange_name": null, "chainage_start_km": 25.867, "chainage_end_km": 26.931, "length_m": 1063.9917813007089, "road_class": "motorway", "name": "Yamuna Expressway", "lanes": 3.0, "maxspeed": 100.0, "start_node": "sub_11892935347_11892874192_1", "end_node": "sub_11892935347_11892874192_2", "subsegment_index": 1, "total_subsegments": 4 }, "geometry": { "type": "LineString", "coordinates": [ [ 77.991526314084254, 27.306122914883542 ], [ 77.9911899, 27.3062737 ], [ 77.9910622, 27.3063376 ], [ 77.9908411, 27.3064482 ], [ 77.9897352, 27.3070016 ], [ 77.9869858, 27.3084698 ], [ 77.9836813, 27.3102353 ], [ 77.9833843, 27.3103939 ], [ 77.9824993, 27.3108667 ], [ 77.98226998763181, 27.310989425549462 ] ] } },
{ "type": "Feature", "properties": { "segment_id": "YE_MAIN_NB_032", "source_edge_id": "11892935347_11892874192_0", "direction": "NB", "is_mainline": true, "is_ramp": false, "is_interchange_related": false, "interchange_name": null, "chainage_start_km": 26.931, "chainage_end_km": 27.995, "length_m": 1063.9917813009683, "road_class": "motorway", "name": "Yamuna Expressway", "lanes": 3.0, "maxspeed": 100.0, "start_node": "sub_11892935347_11892874192_2", "end_node": "sub_11892935347_11892874192_3", "subsegment_index": 2, "total_subsegments": 4 }, "geometry": { "type": "LineString", "coordinates": [ [ 77.98226998763181, 27.310989425549462 ], [ 77.9798241, 27.3122984 ], [ 77.9778567, 27.3133573 ], [ 77.9765584, 27.3140375 ], [ 77.9756996, 27.3144487 ], [ 77.9749606, 27.314777 ], [ 77.9743342, 27.3150436 ], [ 77.9729394, 27.315576 ], [ 77.972865510020171, 27.31560023450924 ] ] } },
{ "type": "Feature", "properties": { "segment_id": "YE_MAIN_NB_033", "source_edge_id": "11892914351_13726967762_0", "direction": "NB", "is_mainline": true, "is_ramp": false, "is_interchange_related": false, "interchange_name": null, "chainage_start_km": 27.995, "chainage_end_km": 28.308, "length_m": 312.93444388754426, "road_class": "motorway", "name": "Yamuna Expressway", "lanes": 3.0, "maxspeed": 100.0, "start_node": "11892914351", "end_node": "13726967762", "subsegment_index": 0, "total_subsegments": 1 }, "geometry": { "type": "LineString", "coordinates": [ [ 77.9055894, 27.3150336 ], [ 77.907113, 27.3150201 ], [ 77.9087475, 27.3150838 ] ] } },
{ "type": "Feature", "properties": { "segment_id": "YE_MAIN_NB_034", "source_edge_id": "13726967762_13726967763_0", "direction": "NB", "is_mainline": true, "is_ramp": false, "is_interchange_related": false, "interchange_name": null, "chainage_start_km": 28.308, "chainage_end_km": 28.913, "length_m": 605.22649899831174, "road_class": "motorway", "name": "Yamuna Expressway", "lanes": 3.0, "maxspeed": 100.0, "start_node": "13726967762", "end_node": "13726967763", "subsegment_index": 0, "total_subsegments": 1 }, "geometry": { "type": "LineString", "coordinates": [ [ 77.9087475, 27.3150838 ], [ 77.9106217, 27.3151634 ], [ 77.9127424, 27.3152638 ], [ 77.9129619, 27.3152771 ], [ 77.9141069, 27.3153339 ], [ 77.9148492, 27.3153821 ] ] } },
{ "type": "Feature", "properties": { "segment_id": "YE_MAIN_NB_035", "source_edge_id": "11892914352_11892867608_0", "direction": "NB", "is_mainline": true, "is_ramp": false, "is_interchange_related": false, "interchange_name": null, "chainage_start_km": 28.913, "chainage_end_km": 29.887, "length_m": 973.31577687186427, "road_class": "motorway", "name": "Yamuna Expressway", "lanes": 3.0, "maxspeed": 100.0, "start_node": "11892914352", "end_node": "sub_11892914352_11892867608_1", "subsegment_index": 0, "total_subsegments": 5 }, "geometry": { "type": "LineString", "coordinates": [ [ 77.905581, 27.3148734 ], [ 77.9051598, 27.3148941 ], [ 77.9046978, 27.3149276 ], [ 77.902982900000012, 27.3151047 ], [ 77.9020322, 27.3152228 ], [ 77.9014129, 27.3153393 ], [ 77.9008857, 27.3154424 ], [ 77.9003608, 27.3155544 ], [ 77.8998384, 27.3156753 ], [ 77.8993187, 27.3158051 ], [ 77.8988019, 27.3159436 ], [ 77.8982881, 27.3160908 ], [ 77.8977776, 27.3162466 ], [ 77.8972705, 27.3164111 ], [ 77.8967503, 27.3165901 ], [ 77.8962343, 27.3167781 ], [ 77.896058120573812, 27.316845901311225 ] ] } },
{ "type": "Feature", "properties": { "segment_id": "YE_MAIN_NB_036", "source_edge_id": "13726967763_11892874191_0", "direction": "NB", "is_mainline": true, "is_ramp": false, "is_interchange_related": false, "interchange_name": null, "chainage_start_km": 29.887, "chainage_end_km": 30.829, "length_m": 942.65159882087266, "road_class": "motorway", "name": "Yamuna Expressway", "lanes": 3.0, "maxspeed": 100.0, "start_node": "13726967763", "end_node": "sub_13726967763_11892874191_1", "subsegment_index": 0, "total_subsegments": 5 }, "geometry": { "type": "LineString", "coordinates": [ [ 77.9148492, 27.3153821 ], [ 77.9158108, 27.3154184 ], [ 77.920329800000019, 27.3156407 ], [ 77.924353699494404, 27.315833837892491 ] ] } },
{ "type": "Feature", "properties": { "segment_id": "YE_MAIN_NB_037", "source_edge_id": "13726967763_11892874191_0", "direction": "NB", "is_mainline": true, "is_ramp": false, "is_interchange_related": false, "interchange_name": null, "chainage_start_km": 30.829, "chainage_end_km": 31.772, "length_m": 942.65159882091734, "road_class": "motorway", "name": "Yamuna Expressway", "lanes": 3.0, "maxspeed": 100.0, "start_node": "sub_13726967763_11892874191_1", "end_node": "sub_13726967763_11892874191_2", "subsegment_index": 1, "total_subsegments": 5 }, "geometry": { "type": "LineString", "coordinates": [ [ 77.924353699494404, 27.315833837892491 ], [ 77.9254117, 27.3158846 ], [ 77.9291044, 27.3160429 ], [ 77.9295769, 27.3160631 ], [ 77.9304598, 27.3161085 ], [ 77.931161, 27.3161445 ], [ 77.9329749, 27.3162378 ], [ 77.9331789, 27.3162482 ], [ 77.93385828681339, 27.316283143022858 ] ] } },
{ "type": "Feature", "properties": { "segment_id": "YE_MAIN_NB_038", "source_edge_id": "13726967763_11892874191_0", "direction": "NB", "is_mainline": true, "is_ramp": false, "is_interchange_related": false, "interchange_name": null, "chainage_start_km": 31.772, "chainage_end_km": 32.714, "length_m": 942.65159882089438, "road_class": "motorway", "name": "Yamuna Expressway", "lanes": 3.0, "maxspeed": 100.0, "start_node": "sub_13726967763_11892874191_2", "end_node": "sub_13726967763_11892874191_3", "subsegment_index": 2, "total_subsegments": 5 }, "geometry": { "type": "LineString", "coordinates": [ [ 77.93385828681339, 27.316283143022858 ], [ 77.934223, 27.3163019 ], [ 77.9362218, 27.316376 ], [ 77.9398173, 27.316568 ], [ 77.9431635, 27.3167396 ], [ 77.943361715768674, 27.316748949645174 ] ] } },
{ "type": "Feature", "properties": { "segment_id": "YE_MAIN_NB_039", "source_edge_id": "13726967763_11892874191_0", "direction": "NB", "is_mainline": true, "is_ramp": false, "is_interchange_related": false, "interchange_name": null, "chainage_start_km": 32.714, "chainage_end_km": 33.657, "length_m": 942.65159882085027, "road_class": "motorway", "name": "Yamuna Expressway", "lanes": 3.0, "maxspeed": 100.0, "start_node": "sub_13726967763_11892874191_3", "end_node": "sub_13726967763_11892874191_4", "subsegment_index": 3, "total_subsegments": 5 }, "geometry": { "type": "LineString", "coordinates": [ [ 77.943361715768674, 27.316748949645174 ], [ 77.9471079, 27.3169256 ], [ 77.9489677, 27.3170154 ], [ 77.9491227, 27.3170229 ], [ 77.950311, 27.3170815 ], [ 77.952866085419998, 27.317202643283917 ] ] } },
{ "type": "Feature", "properties": { "segment_id": "YE_MAIN_NB_040", "source_edge_id": "11892935347_11892874192_0", "direction": "NB", "is_mainline": true, "is_ramp": false, "is_interchange_related": false, "interchange_name": null, "chainage_start_km": 33.657, "chainage_end_km": 34.721, "length_m": 1063.9917813008506, "road_class": "motorway", "name": "Yamuna Expressway", "lanes": 3.0, "maxspeed": 100.0, "start_node": "sub_11892935347_11892874192_3", "end_node": "11892874192", "subsegment_index": 3, "total_subsegments": 4 }, "geometry": { "type": "LineString", "coordinates": [ [ 77.972865510020171, 27.31560023450924 ], [ 77.9723729, 27.3157618 ], [ 77.9721267, 27.3158425 ], [ 77.9716045, 27.3160138 ], [ 77.9708921, 27.3162178 ], [ 77.9695972, 27.3165166 ], [ 77.9678528, 27.3168922 ], [ 77.96658450000001, 27.3170933 ], [ 77.9651464, 27.3172796 ], [ 77.9637982, 27.3173684 ], [ 77.9623729, 27.3174224 ] ] } },
{ "type": "Feature", "properties": { "segment_id": "YE_MAIN_NB_041", "source_edge_id": "13726967763_11892874191_0", "direction": "NB", "is_mainline": true, "is_ramp": false, "is_interchange_related": false, "interchange_name": null, "chainage_start_km": 34.721, "chainage_end_km": 35.664, "length_m": 942.65159882085004, "road_class": "motorway", "name": "Yamuna Expressway", "lanes": 3.0, "maxspeed": 100.0, "start_node": "sub_13726967763_11892874191_4", "end_node": "11892874191", "subsegment_index": 4, "total_subsegments": 5 }, "geometry": { "type": "LineString", "coordinates": [ [ 77.952866085419998, 27.317202643283917 ], [ 77.953266, 27.3172216 ], [ 77.9547097, 27.317302 ], [ 77.9550036, 27.3173183 ], [ 77.9571404, 27.3174373 ], [ 77.9610073, 27.3176105 ], [ 77.962371, 27.3176216 ] ] } },
{ "type": "Feature", "properties": { "segment_id": "YE_MAIN_NB_042", "source_edge_id": "11892914352_11892867608_0", "direction": "NB", "is_mainline": true, "is_ramp": false, "is_interchange_related": false, "interchange_name": null, "chainage_start_km": 35.664, "chainage_end_km": 36.637, "length_m": 973.31577687207653, "road_class": "motorway", "name": "Yamuna Expressway", "lanes": 3.0, "maxspeed": 100.0, "start_node": "sub_11892914352_11892867608_1", "end_node": "sub_11892914352_11892867608_2", "subsegment_index": 1, "total_subsegments": 5 }, "geometry": { "type": "LineString", "coordinates": [ [ 77.896058120573812, 27.316845901311225 ], [ 77.8957224, 27.3169751 ], [ 77.8952151, 27.317181 ], [ 77.8947124, 27.3173958 ], [ 77.8942145, 27.3176193 ], [ 77.8937217, 27.3178514 ], [ 77.8932342, 27.3180922 ], [ 77.892752, 27.3183414 ], [ 77.8922755, 27.318599 ], [ 77.8918048, 27.3188649 ], [ 77.8913401, 27.3191389 ], [ 77.8912197, 27.3192149 ], [ 77.8907557, 27.3194555 ], [ 77.8898106, 27.3201066 ], [ 77.889007, 27.3207225 ], [ 77.8883081, 27.3212655 ], [ 77.887885551365926, 27.321628252652641 ] ] } },
{ "type": "Feature", "properties": { "segment_id": "YE_MAIN_NB_043", "source_edge_id": "11892914352_11892867608_0", "direction": "NB", "is_mainline": true, "is_ramp": false, "is_interchange_related": false, "interchange_name": null, "chainage_start_km": 36.637, "chainage_end_km": 37.61, "length_m": 973.31577687193135, "road_class": "motorway", "name": "Yamuna Expressway", "lanes": 3.0, "maxspeed": 100.0, "start_node": "sub_11892914352_11892867608_2", "end_node": "sub_11892914352_11892867608_3", "subsegment_index": 2, "total_subsegments": 5 }, "geometry": { "type": "LineString", "coordinates": [ [ 77.887885551365926, 27.321628252652641 ], [ 77.8876375, 27.3218412 ], [ 77.886912, 27.3225082 ], [ 77.8868362, 27.3225779 ], [ 77.8859285, 27.3234124 ], [ 77.8845836, 27.3246622 ], [ 77.8833943, 27.3257475 ], [ 77.8833015, 27.3258321 ], [ 77.881022427590196, 27.327911810320462 ] ] } },
{ "type": "Feature", "properties": { "segment_id": "YE_MAIN_NB_044", "source_edge_id": "11892914352_11892867608_0", "direction": "NB", "is_mainline": true, "is_ramp": false, "is_interchange_related": false, "interchange_name": null, "chainage_start_km": 37.61, "chainage_end_km": 38.584, "length_m": 973.31577687194203, "road_class": "motorway", "name": "Yamuna Expressway", "lanes": 3.0, "maxspeed": 100.0, "start_node": "sub_11892914352_11892867608_3", "end_node": "sub_11892914352_11892867608_4", "subsegment_index": 3, "total_subsegments": 5 }, "geometry": { "type": "LineString", "coordinates": [ [ 77.881022427590196, 27.327911810320462 ], [ 77.88075, 27.3281604 ], [ 77.8777129, 27.3309142 ], [ 77.8766918, 27.3318682 ], [ 77.8762521, 27.3322789 ], [ 77.8751519, 27.3333066 ], [ 77.8747694, 27.3336601 ], [ 77.8745949, 27.3338214 ], [ 77.87435960000002, 27.3340389 ], [ 77.874159379093982, 27.334194729074195 ] ] } },
{ "type": "Feature", "properties": { "segment_id": "YE_MAIN_NB_045", "source_edge_id": "11892914352_11892867608_0", "direction": "NB", "is_mainline": true, "is_ramp": false, "is_interchange_related": false, "interchange_name": null, "chainage_start_km": 38.584, "chainage_end_km": 39.557, "length_m": 973.31577687191725, "road_class": "motorway", "name": "Yamuna Expressway", "lanes": 3.0, "maxspeed": 100.0, "start_node": "sub_11892914352_11892867608_4", "end_node": "11892867608", "subsegment_index": 4, "total_subsegments": 5 }, "geometry": { "type": "LineString", "coordinates": [ [ 77.874159379093982, 27.334194729074195 ], [ 77.873067, 27.3350449 ], [ 77.871362, 27.3362574 ], [ 77.8705585, 27.3367437 ], [ 77.8704434, 27.3368134 ], [ 77.868804, 27.3378057 ], [ 77.8663084, 27.3393314 ], [ 77.8662368, 27.3393752 ] ] } },
{ "type": "Feature", "properties": { "segment_id": "YE_MAIN_NB_046", "source_edge_id": "11892867608_11892855195_0", "direction": "NB", "is_mainline": true, "is_ramp": false, "is_interchange_related": false, "interchange_name": null, "chainage_start_km": 39.557, "chainage_end_km": 40.561, "length_m": 1003.7279673265957, "road_class": "motorway", "name": "Yamuna Expressway", "lanes": 3.0, "maxspeed": 100.0, "start_node": "11892867608", "end_node": "sub_11892867608_11892855195_1", "subsegment_index": 0, "total_subsegments": 5 }, "geometry": { "type": "LineString", "coordinates": [ [ 77.8662368, 27.3393752 ], [ 77.8633543, 27.3411361 ], [ 77.8616962, 27.3421214 ], [ 77.8596221, 27.343358 ], [ 77.857853358928452, 27.344464438933304 ] ] } },
{ "type": "Feature", "properties": { "segment_id": "YE_MAIN_NB_047", "source_edge_id": "11892867608_11892855195_0", "direction": "NB", "is_mainline": true, "is_ramp": false, "is_interchange_related": false, "interchange_name": null, "chainage_start_km": 40.561, "chainage_end_km": 41.564, "length_m": 1003.7279673265396, "road_class": "motorway", "name": "Yamuna Expressway", "lanes": 3.0, "maxspeed": 100.0, "start_node": "sub_11892867608_11892855195_1", "end_node": "sub_11892867608_11892855195_2", "subsegment_index": 1, "total_subsegments": 5 }, "geometry": { "type": "LineString", "coordinates": [ [ 77.857853358928452, 27.344464438933304 ], [ 77.8574122, 27.3447404 ], [ 77.8566632, 27.3451733 ], [ 77.8561866, 27.3454488 ], [ 77.854739400000014, 27.3462853 ], [ 77.8530083, 27.347262 ], [ 77.8528552, 27.3473521 ], [ 77.85134, 27.3482046 ], [ 77.8497334, 27.3490968 ], [ 77.849332155976199, 27.349365652357626 ] ] } },
{ "type": "Feature", "properties": { "segment_id": "YE_MAIN_NB_048", "source_edge_id": "11892867608_11892855195_0", "direction": "NB", "is_mainline": true, "is_ramp": false, "is_interchange_related": false, "interchange_name": null, "chainage_start_km": 41.564, "chainage_end_km": 42.568, "length_m": 1003.7279673267982, "road_class": "motorway", "name": "Yamuna Expressway", "lanes": 3.0, "maxspeed": 100.0, "start_node": "sub_11892867608_11892855195_2", "end_node": "sub_11892867608_11892855195_3", "subsegment_index": 2, "total_subsegments": 5 }, "geometry": { "type": "LineString", "coordinates": [ [ 77.849332155976199, 27.349365652357626 ], [ 77.8482508, 27.3500902 ], [ 77.8471403, 27.3509468 ], [ 77.8465001, 27.3514213 ], [ 77.8458778, 27.3519651 ], [ 77.8446541, 27.3530557 ], [ 77.8443544, 27.3533627 ], [ 77.844162600000018, 27.3535591 ], [ 77.8435577, 27.3541788 ], [ 77.8424252, 27.3555116 ], [ 77.842228543553887, 27.355764991608655 ] ] } },
{ "type": "Feature", "properties": { "segment_id": "YE_MAIN_NB_049", "source_edge_id": "11892867608_11892855195_0", "direction": "NB", "is_mainline": true, "is_ramp": false, "is_interchange_related": false, "interchange_name": null, "chainage_start_km": 42.568, "chainage_end_km": 43.572, "length_m": 1003.7279673263183, "road_class": "motorway", "name": "Yamuna Expressway", "lanes": 3.0, "maxspeed": 100.0, "start_node": "sub_11892867608_11892855195_3", "end_node": "sub_11892867608_11892855195_4", "subsegment_index": 3, "total_subsegments": 5 }, "geometry": { "type": "LineString", "coordinates": [ [ 77.842228543553887, 27.355764991608655 ], [ 77.8416529, 27.3565067 ], [ 77.8409526, 27.3574948 ], [ 77.8404324, 27.3583086 ], [ 77.8395481, 27.3598866 ], [ 77.8389198, 27.3612229 ], [ 77.8384156, 27.3623992 ], [ 77.837938, 27.3636289 ], [ 77.83785951418345, 27.36388903777863 ] ] } },
{ "type": "Feature", "properties": { "segment_id": "YE_MAIN_NB_050", "source_edge_id": "11892867608_11892855195_0", "direction": "NB", "is_mainline": true, "is_ramp": false, "is_interchange_related": false, "interchange_name": null, "chainage_start_km": 43.572, "chainage_end_km": 44.576, "length_m": 1003.7279673267099, "road_class": "motorway", "name": "Yamuna Expressway", "lanes": 3.0, "maxspeed": 100.0, "start_node": "sub_11892867608_11892855195_4", "end_node": "11892855195", "subsegment_index": 4, "total_subsegments": 5 }, "geometry": { "type": "LineString", "coordinates": [ [ 77.83785951418345, 27.36388903777863 ], [ 77.8375624, 27.3648738 ], [ 77.8375243, 27.3650004 ], [ 77.8364694, 27.3684976 ], [ 77.8357771, 27.3704237 ], [ 77.8349831, 27.3725669 ] ] } },
{ "type": "Feature", "properties": { "segment_id": "YE_MAIN_NB_051", "source_edge_id": "11892855195_11892823412_0", "direction": "NB", "is_mainline": true, "is_ramp": false, "is_interchange_related": false, "interchange_name": null, "chainage_start_km": 44.576, "chainage_end_km": 45.573, "length_m": 997.6264757150833, "road_class": "motorway", "name": "Yamuna Expressway", "lanes": 3.0, "maxspeed": 100.0, "start_node": "11892855195", "end_node": "sub_11892855195_11892823412_1", "subsegment_index": 0, "total_subsegments": 5 }, "geometry": { "type": "LineString", "coordinates": [ [ 77.8349831, 27.3725669 ], [ 77.8344606, 27.3739773 ], [ 77.8332911, 27.3771118 ], [ 77.8327931, 27.3783053 ], [ 77.8318085, 27.3802199 ], [ 77.8316001, 27.380567 ], [ 77.831370173085091, 27.380949935415448 ] ] } },
{ "type": "Feature", "properties": { "segment_id": "YE_MAIN_NB_052", "source_edge_id": "11892855195_11892823412_0", "direction": "NB", "is_mainline": true, "is_ramp": false, "is_interchange_related": false, "interchange_name": null, "chainage_start_km": 45.573, "chainage_end_km": 46.571, "length_m": 997.62647571494426, "road_class": "motorway", "name": "Yamuna Expressway", "lanes": 3.0, "maxspeed": 100.0, "start_node": "sub_11892855195_11892823412_1", "end_node": "sub_11892855195_11892823412_2", "subsegment_index": 1, "total_subsegments": 5 }, "geometry": { "type": "LineString", "coordinates": [ [ 77.831370173085091, 27.380949935415448 ], [ 77.8308319, 27.3818464 ], [ 77.8302996, 27.3826317 ], [ 77.8295794, 27.3836159 ], [ 77.8288751, 27.384522 ], [ 77.8283228, 27.3851544 ], [ 77.8269263, 27.3866397 ], [ 77.8259739, 27.3876452 ], [ 77.825444577175716, 27.388197550248982 ] ] } },
{ "type": "Feature", "properties": { "segment_id": "YE_MAIN_NB_053", "source_edge_id": "11892855195_11892823412_0", "direction": "NB", "is_mainline": true, "is_ramp": false, "is_interchange_related": false, "interchange_name": null, "chainage_start_km": 46.571, "chainage_end_km": 47.569, "length_m": 997.62647571509763, "road_class": "motorway", "name": "Yamuna Expressway", "lanes": 3.0, "maxspeed": 100.0, "start_node": "sub_11892855195_11892823412_2", "end_node": "sub_11892855195_11892823412_3", "subsegment_index": 2, "total_subsegments": 5 }, "geometry": { "type": "LineString", "coordinates": [ [ 77.825444577175716, 27.388197550248982 ], [ 77.8251831, 27.3884704 ], [ 77.8247729, 27.3888649 ], [ 77.8240061, 27.3895281 ], [ 77.8232987, 27.3901311 ], [ 77.8226224, 27.3906386 ], [ 77.8223977, 27.3908003 ], [ 77.8222201, 27.390928 ], [ 77.8215783, 27.3913898 ], [ 77.82067, 27.3919626 ], [ 77.8196485, 27.3925932 ], [ 77.8188506, 27.3930353 ], [ 77.8181036, 27.3933996 ], [ 77.817519734303332, 27.393675183809176 ] ] } },
{ "type": "Feature", "properties": { "segment_id": "YE_MAIN_NB_054", "source_edge_id": "11892855195_11892823412_0", "direction": "NB", "is_mainline": true, "is_ramp": false, "is_interchange_related": false, "interchange_name": null, "chainage_start_km": 47.569, "chainage_end_km": 48.566, "length_m": 997.62647571498826, "road_class": "motorway", "name": "Yamuna Expressway", "lanes": 3.0, "maxspeed": 100.0, "start_node": "sub_11892855195_11892823412_3", "end_node": "sub_11892855195_11892823412_4", "subsegment_index": 3, "total_subsegments": 5 }, "geometry": { "type": "LineString", "coordinates": [ [ 77.817519734303332, 27.393675183809176 ], [ 77.8172519, 27.3938016 ], [ 77.8162898, 27.3942035 ], [ 77.8154016, 27.3945116 ], [ 77.815140200000016, 27.3946023 ], [ 77.8135084, 27.3951682 ], [ 77.8124869, 27.3955225 ], [ 77.8116974, 27.3957586 ], [ 77.8100797, 27.3963066 ], [ 77.8096305, 27.396474 ], [ 77.8094678, 27.3965347 ], [ 77.8089337, 27.3967337 ], [ 77.808196011331262, 27.397075398977783 ] ] } },
{ "type": "Feature", "properties": { "segment_id": "YE_MAIN_NB_055", "source_edge_id": "11892855195_11892823412_0", "direction": "NB", "is_mainline": true, "is_ramp": false, "is_interchange_related": false, "interchange_name": null, "chainage_start_km": 48.566, "chainage_end_km": 49.564, "length_m": 997.62647571495177, "road_class": "motorway", "name": "Yamuna Expressway", "lanes": 3.0, "maxspeed": 100.0, "start_node": "sub_11892855195_11892823412_4", "end_node": "11892823412", "subsegment_index": 4, "total_subsegments": 5 }, "geometry": { "type": "LineString", "coordinates": [ [ 77.808196011331262, 27.397075398977783 ], [ 77.8076321, 27.3973366 ], [ 77.8066559, 27.3977964 ], [ 77.8053062, 27.3985601 ], [ 77.8045932, 27.3989846 ], [ 77.8037391, 27.3995587 ], [ 77.8029301, 27.4001327 ], [ 77.8028027, 27.4002231 ], [ 77.8017103, 27.4010757 ], [ 77.8006699, 27.4020065 ], [ 77.8001956, 27.402463 ] ] } },
{ "type": "Feature", "properties": { "segment_id": "YE_MAIN_NB_056", "source_edge_id": "11892823412_11885751251_0", "direction": "NB", "is_mainline": true, "is_ramp": false, "is_interchange_related": false, "interchange_name": null, "chainage_start_km": 49.564, "chainage_end_km": 50.513, "length_m": 948.84302749998301, "road_class": "motorway", "name": "Yamuna Expressway", "lanes": 3.0, "maxspeed": 100.0, "start_node": "11892823412", "end_node": "sub_11892823412_11885751251_1", "subsegment_index": 0, "total_subsegments": 5 }, "geometry": { "type": "LineString", "coordinates": [ [ 77.8001956, 27.402463 ], [ 77.7998135, 27.4028307 ], [ 77.7990012, 27.4037082 ], [ 77.7976606, 27.4053744 ], [ 77.7971364, 27.4060707 ], [ 77.7967945, 27.4065479 ], [ 77.796346, 27.4072849 ], [ 77.7962488, 27.4074445 ], [ 77.794942941043203, 27.409589860653149 ] ] } },
{ "type": "Feature", "properties": { "segment_id": "YE_MAIN_NB_057", "source_edge_id": "11892823412_11885751251_0", "direction": "NB", "is_mainline": true, "is_ramp": false, "is_interchange_related": false, "interchange_name": null, "chainage_start_km": 50.513, "chainage_end_km": 51.461, "length_m": 948.8430275002238, "road_class": "motorway", "name": "Yamuna Expressway", "lanes": 3.0, "maxspeed": 100.0, "start_node": "sub_11892823412_11885751251_1", "end_node": "sub_11892823412_11885751251_2", "subsegment_index": 1, "total_subsegments": 5 }, "geometry": { "type": "LineString", "coordinates": [ [ 77.794942941043203, 27.409589860653149 ], [ 77.7932172, 27.4124249 ], [ 77.7927897, 27.4131127 ], [ 77.7927141, 27.4132344 ], [ 77.7905859, 27.4166586 ], [ 77.790425700000014, 27.4169163 ], [ 77.790319291842764, 27.417087512597114 ] ] } },
{ "type": "Feature", "properties": { "segment_id": "YE_MAIN_NB_058", "source_edge_id": "11892823412_11885751251_0", "direction": "NB", "is_mainline": true, "is_ramp": false, "is_interchange_related": false, "interchange_name": null, "chainage_start_km": 51.461, "chainage_end_km": 52.41, "length_m": 948.8430275001574, "road_class": "motorway", "name": "Yamuna Expressway", "lanes": 3.0, "maxspeed": 100.0, "start_node": "sub_11892823412_11885751251_2", "end_node": "sub_11892823412_11885751251_3", "subsegment_index": 2, "total_subsegments": 5 }, "geometry": { "type": "LineString", "coordinates": [ [ 77.790319291842764, 27.417087512597114 ], [ 77.7894564, 27.4184759 ], [ 77.7884818, 27.4200574 ], [ 77.7877092, 27.4213111 ], [ 77.7872915, 27.4219889 ], [ 77.785696992861219, 27.424586076031154 ] ] } },
{ "type": "Feature", "properties": { "segment_id": "YE_MAIN_NB_059", "source_edge_id": "11892823412_11885751251_0", "direction": "NB", "is_mainline": true, "is_ramp": false, "is_interchange_related": false, "interchange_name": null, "chainage_start_km": 52.41, "chainage_end_km": 53.359, "length_m": 948.84302749999335, "road_class": "motorway", "name": "Yamuna Expressway", "lanes": 3.0, "maxspeed": 100.0, "start_node": "sub_11892823412_11885751251_3", "end_node": "sub_11892823412_11885751251_4", "subsegment_index": 3, "total_subsegments": 5 }, "geometry": { "type": "LineString", "coordinates": [ [ 77.785696992861219, 27.424586076031154 ], [ 77.7856909, 27.424596 ], [ 77.7837501, 27.4277642 ], [ 77.7812205, 27.4318325 ], [ 77.781080344077353, 27.432087206313618 ] ] } },
{ "type": "Feature", "properties": { "segment_id": "YE_MAIN_NB_060", "source_edge_id": "11892823412_11885751251_0", "direction": "NB", "is_mainline": true, "is_ramp": false, "is_interchange_related": false, "interchange_name": null, "chainage_start_km": 53.359, "chainage_end_km": 54.308, "length_m": 948.84302749998847, "road_class": "motorway", "name": "Yamuna Expressway", "lanes": 3.0, "maxspeed": 100.0, "start_node": "sub_11892823412_11885751251_4", "end_node": "11885751251", "subsegment_index": 4, "total_subsegments": 5 }, "geometry": { "type": "LineString", "coordinates": [ [ 77.781080344077353, 27.432087206313618 ], [ 77.7803886, 27.4333443 ], [ 77.780306600000017, 27.4334975 ], [ 77.7798199, 27.4345925 ], [ 77.7793247, 27.435916 ], [ 77.7789625, 27.4368552 ], [ 77.7785664, 27.4382264 ], [ 77.7783089, 27.439256 ], [ 77.778122, 27.4401918 ] ] } },
{ "type": "Feature", "properties": { "segment_id": "YE_MAIN_NB_061", "source_edge_id": "11885751251_11892857422_0", "direction": "NB", "is_mainline": true, "is_ramp": false, "is_interchange_related": false, "interchange_name": null, "chainage_start_km": 54.308, "chainage_end_km": 55.311, "length_m": 1002.856745900044, "road_class": "motorway", "name": "Yamuna Expressway", "lanes": 3.0, "maxspeed": 100.0, "start_node": "11885751251", "end_node": "sub_11885751251_11892857422_1", "subsegment_index": 0, "total_subsegments": 5 }, "geometry": { "type": "LineString", "coordinates": [ [ 77.778122, 27.4401918 ], [ 77.7780938, 27.4403333 ], [ 77.7779116, 27.4415298 ], [ 77.7777999, 27.4427209 ], [ 77.777749, 27.443753 ], [ 77.7777235, 27.4446872 ], [ 77.7777369, 27.4451873 ], [ 77.7777425, 27.4453953 ], [ 77.7777574, 27.4459527 ], [ 77.7778477, 27.4468763 ], [ 77.7780714, 27.4490845 ], [ 77.778083610361918, 27.449205182760316 ] ] } },
{ "type": "Feature", "properties": { "segment_id": "YE_MAIN_NB_062", "source_edge_id": "11885751251_11892857422_0", "direction": "NB", "is_mainline": true, "is_ramp": false, "is_interchange_related": false, "interchange_name": null, "chainage_start_km": 55.311, "chainage_end_km": 56.314, "length_m": 1002.8567459004435, "road_class": "motorway", "name": "Yamuna Expressway", "lanes": 3.0, "maxspeed": 100.0, "start_node": "sub_11885751251_11892857422_1", "end_node": "sub_11885751251_11892857422_2", "subsegment_index": 1, "total_subsegments": 5 }, "geometry": { "type": "LineString", "coordinates": [ [ 77.778083610361918, 27.449205182760316 ], [ 77.7780946, 27.4493138 ], [ 77.77838, 27.452132 ], [ 77.7786934, 27.4553317 ], [ 77.778971038283871, 27.458215833342816 ] ] } },
{ "type": "Feature", "properties": { "segment_id": "YE_MAIN_NB_063", "source_edge_id": "11885751251_11892857422_0", "direction": "NB", "is_mainline": true, "is_ramp": false, "is_interchange_related": false, "interchange_name": null, "chainage_start_km": 56.314, "chainage_end_km": 57.317, "length_m": 1002.8567459001639, "road_class": "motorway", "name": "Yamuna Expressway", "lanes": 3.0, "maxspeed": 100.0, "start_node": "sub_11885751251_11892857422_2", "end_node": "sub_11885751251_11892857422_3", "subsegment_index": 2, "total_subsegments": 5 }, "geometry": { "type": "LineString", "coordinates": [ [ 77.778971038283871, 27.458215833342816 ], [ 77.7790829, 27.4593778 ], [ 77.7791871, 27.4603963 ], [ 77.7792324, 27.4608394 ], [ 77.7796687, 27.4651026 ], [ 77.779865941374482, 27.467225841239078 ] ] } },
{ "type": "Feature", "properties": { "segment_id": "YE_MAIN_NB_064", "source_edge_id": "11885751251_11892857422_0", "direction": "NB", "is_mainline": true, "is_ramp": false, "is_interchange_related": false, "interchange_name": null, "chainage_start_km": 57.317, "chainage_end_km": 58.319, "length_m": 1002.8567459001223, "road_class": "motorway", "name": "Yamuna Expressway", "lanes": 3.0, "maxspeed": 100.0, "start_node": "sub_11885751251_11892857422_3", "end_node": "sub_11885751251_11892857422_4", "subsegment_index": 3, "total_subsegments": 5 }, "geometry": { "type": "LineString", "coordinates": [ [ 77.779865941374482, 27.467225841239078 ], [ 77.7801518, 27.4703028 ], [ 77.7802794, 27.4715405 ], [ 77.7803173, 27.4719091 ], [ 77.780531, 27.4739832 ], [ 77.7807234, 27.4757706 ], [ 77.780768633178184, 27.476235163740974 ] ] } },
{ "type": "Feature", "properties": { "segment_id": "YE_MAIN_NB_065", "source_edge_id": "11885751251_11892857422_0", "direction": "NB", "is_mainline": true, "is_ramp": false, "is_interchange_related": false, "interchange_name": null, "chainage_start_km": 58.319, "chainage_end_km": 59.322, "length_m": 1002.8567458999607, "road_class": "motorway", "name": "Yamuna Expressway", "lanes": 3.0, "maxspeed": 100.0, "start_node": "sub_11885751251_11892857422_4", "end_node": "11892857422", "subsegment_index": 4, "total_subsegments": 5 }, "geometry": { "type": "LineString", "coordinates": [ [ 77.780768633178184, 27.476235163740974 ], [ 77.780978100000013, 27.4783864 ], [ 77.7812846, 27.481942 ], [ 77.78162, 27.4852484 ] ] } },
{ "type": "Feature", "properties": { "segment_id": "YE_MAIN_NB_066", "source_edge_id": "11892857422_2044426597_0", "direction": "NB", "is_mainline": true, "is_ramp": false, "is_interchange_related": false, "interchange_name": null, "chainage_start_km": 59.322, "chainage_end_km": 60.387, "length_m": 1064.8067802381522, "road_class": "motorway", "name": "Yamuna Expressway", "lanes": 3.0, "maxspeed": 100.0, "start_node": "11892857422", "end_node": "sub_11892857422_2044426597_1", "subsegment_index": 0, "total_subsegments": 5 }, "geometry": { "type": "LineString", "coordinates": [ [ 77.78162, 27.4852484 ], [ 77.7819998, 27.4889918 ], [ 77.7820253, 27.489243 ], [ 77.7821269, 27.4902447 ], [ 77.7822684, 27.49159 ], [ 77.7822627, 27.494095 ], [ 77.782185439244685, 27.494822901469288 ] ] } },
{ "type": "Feature", "properties": { "segment_id": "YE_MAIN_NB_067", "source_edge_id": "11892857422_2044426597_0", "direction": "NB", "is_mainline": true, "is_ramp": false, "is_interchange_related": false, "interchange_name": null, "chainage_start_km": 60.387, "chainage_end_km": 61.452, "length_m": 1064.8067802383266, "road_class": "motorway", "name": "Yamuna Expressway", "lanes": 3.0, "maxspeed": 100.0, "start_node": "sub_11892857422_2044426597_1", "end_node": "sub_11892857422_2044426597_2", "subsegment_index": 1, "total_subsegments": 5 }, "geometry": { "type": "LineString", "coordinates": [ [ 77.782185439244685, 27.494822901469288 ], [ 77.782008, 27.4964946 ], [ 77.7819318, 27.496941 ], [ 77.7815405, 27.4987219 ], [ 77.7810741, 27.5002417 ], [ 77.7806175, 27.501448 ], [ 77.7803315, 27.5021419 ], [ 77.7802472, 27.5023463 ], [ 77.7801365, 27.5026148 ], [ 77.7794769, 27.5040128 ], [ 77.779452440447002, 27.504057723771865 ] ] } },
{ "type": "Feature", "properties": { "segment_id": "YE_MAIN_NB_068", "source_edge_id": "11892857422_2044426597_0", "direction": "NB", "is_mainline": true, "is_ramp": false, "is_interchange_related": false, "interchange_name": null, "chainage_start_km": 61.452, "chainage_end_km": 62.517, "length_m": 1064.8067802381838, "road_class": "motorway", "name": "Yamuna Expressway", "lanes": 3.0, "maxspeed": 100.0, "start_node": "sub_11892857422_2044426597_2", "end_node": "sub_11892857422_2044426597_3", "subsegment_index": 2, "total_subsegments": 5 }, "geometry": { "type": "LineString", "coordinates": [ [ 77.779452440447002, 27.504057723771865 ], [ 77.7788868, 27.5050966 ], [ 77.7783903, 27.5058757 ], [ 77.7769392, 27.5082281 ], [ 77.774566100000015, 27.5120594 ], [ 77.77430173122103, 27.512490841444464 ] ] } },
{ "type": "Feature", "properties": { "segment_id": "YE_MAIN_NB_069", "source_edge_id": "11892857422_2044426597_0", "direction": "NB", "is_mainline": true, "is_ramp": false, "is_interchange_related": false, "interchange_name": null, "chainage_start_km": 62.517, "chainage_end_km": 63.582, "length_m": 1064.8067802381943, "road_class": "motorway", "name": "Yamuna Expressway", "lanes": 3.0, "maxspeed": 100.0, "start_node": "sub_11892857422_2044426597_3", "end_node": "sub_11892857422_2044426597_4", "subsegment_index": 3, "total_subsegments": 5 }, "geometry": { "type": "LineString", "coordinates": [ [ 77.77430173122103, 27.512490841444464 ], [ 77.7740292, 27.5129356 ], [ 77.773971, 27.5130306 ], [ 77.77394240000001, 27.5130771 ], [ 77.7722046, 27.5159129 ], [ 77.7698923, 27.5195486 ], [ 77.769066998703323, 27.520884371471851 ] ] } },
{ "type": "Feature", "properties": { "segment_id": "YE_MAIN_NB_070", "source_edge_id": "11892857422_2044426597_0", "direction": "NB", "is_mainline": true, "is_ramp": false, "is_interchange_related": false, "interchange_name": null, "chainage_start_km": 63.582, "chainage_end_km": 64.646, "length_m": 1064.8067802384169, "road_class": "motorway", "name": "Yamuna Expressway", "lanes": 3.0, "maxspeed": 100.0, "start_node": "sub_11892857422_2044426597_4", "end_node": "2044426597", "subsegment_index": 4, "total_subsegments": 5 }, "geometry": { "type": "LineString", "coordinates": [ [ 77.769066998703323, 27.520884371471851 ], [ 77.7687507, 27.5213963 ], [ 77.7684134, 27.5219421 ], [ 77.7682627, 27.522186 ], [ 77.7673393, 27.5236805 ], [ 77.7647274, 27.5278427 ], [ 77.7638325, 27.5292785 ] ] } },
{ "type": "Feature", "properties": { "segment_id": "YE_MAIN_NB_071", "source_edge_id": "2044426597_2044426814_0", "direction": "NB", "is_mainline": true, "is_ramp": false, "is_interchange_related": false, "interchange_name": null, "chainage_start_km": 64.646, "chainage_end_km": 65.268, "length_m": 621.94914392081978, "road_class": "motorway", "name": "Yamuna Expressway", "lanes": 3.0, "maxspeed": 100.0, "start_node": "2044426597", "end_node": "2044426814", "subsegment_index": 0, "total_subsegments": 1 }, "geometry": { "type": "LineString", "coordinates": [ [ 77.7638325, 27.5292785 ], [ 77.7629632, 27.530673 ], [ 77.76077, 27.5341791 ] ] } },
{ "type": "Feature", "properties": { "segment_id": "YE_MAIN_NB_072", "source_edge_id": "2044426814_6281738211_0", "direction": "NB", "is_mainline": true, "is_ramp": false, "is_interchange_related": false, "interchange_name": null, "chainage_start_km": 65.268, "chainage_end_km": 66.197, "length_m": 928.47858130141844, "road_class": "motorway", "name": "Yamuna Expressway", "lanes": 3.0, "maxspeed": 100.0, "start_node": "2044426814", "end_node": "6281738211", "subsegment_index": 0, "total_subsegments": 1 }, "geometry": { "type": "LineString", "coordinates": [ [ 77.76077, 27.5341791 ], [ 77.7595186, 27.5361794 ], [ 77.758344, 27.5384417 ], [ 77.7574261, 27.5406252 ], [ 77.7571727, 27.5415671 ], [ 77.757094, 27.5418495 ] ] } },
{ "type": "Feature", "properties": { "segment_id": "YE_MAIN_NB_073", "source_edge_id": "6281738211_6281738195_0", "direction": "NB", "is_mainline": true, "is_ramp": false, "is_interchange_related": false, "interchange_name": null, "chainage_start_km": 66.197, "chainage_end_km": 66.954, "length_m": 757.0989028975215, "road_class": "motorway", "name": "Yamuna Expressway", "lanes": 3.0, "maxspeed": 100.0, "start_node": "6281738211", "end_node": "sub_6281738211_6281738195_1", "subsegment_index": 0, "total_subsegments": 2 }, "geometry": { "type": "LineString", "coordinates": [ [ 77.757094, 27.5418495 ], [ 77.7567387, 27.5431247 ], [ 77.7560194, 27.5455748 ], [ 77.7559715, 27.5457379 ], [ 77.7555272, 27.5470307 ], [ 77.7550272, 27.5482557 ], [ 77.754956862972989, 27.548400708274499 ] ] } },
{ "type": "Feature", "properties": { "segment_id": "YE_MAIN_NB_074", "source_edge_id": "6281738211_6281738195_0", "direction": "NB", "is_mainline": true, "is_ramp": false, "is_interchange_related": false, "interchange_name": null, "chainage_start_km": 66.954, "chainage_end_km": 67.711, "length_m": 757.09890289793191, "road_class": "motorway", "name": "Yamuna Expressway", "lanes": 3.0, "maxspeed": 100.0, "start_node": "sub_6281738211_6281738195_1", "end_node": "6281738195", "subsegment_index": 1, "total_subsegments": 2 }, "geometry": { "type": "LineString", "coordinates": [ [ 77.754956862972989, 27.548400708274499 ], [ 77.7547107, 27.5489082 ], [ 77.7544718, 27.5494007 ], [ 77.7538851, 27.5503549 ], [ 77.7533783, 27.5511182 ], [ 77.7526144, 27.5522198 ], [ 77.7525351, 27.5523342 ], [ 77.7520764, 27.5529957 ], [ 77.7511081, 27.5542918 ] ] } },
{ "type": "Feature", "properties": { "segment_id": "YE_MAIN_NB_075", "source_edge_id": "6281738195_2044427046_0", "direction": "NB", "is_mainline": true, "is_ramp": false, "is_interchange_related": false, "interchange_name": null, "chainage_start_km": 67.711, "chainage_end_km": 68.753, "length_m": 1042.0576677829745, "road_class": "motorway", "name": "Yamuna Expressway", "lanes": 3.0, "maxspeed": 100.0, "start_node": "6281738195", "end_node": "sub_6281738195_2044427046_1", "subsegment_index": 0, "total_subsegments": 6 }, "geometry": { "type": "LineString", "coordinates": [ [ 77.7511081, 27.5542918 ], [ 77.7503198, 27.5553471 ], [ 77.7494181, 27.5568465 ], [ 77.748748100000014, 27.5581576 ], [ 77.7484044, 27.5588409 ], [ 77.7479149, 27.5600904 ], [ 77.7472345, 27.5624263 ], [ 77.7471883, 27.5626298 ], [ 77.7471481, 27.5628068 ], [ 77.747122401219528, 27.56292004620768 ] ] } },
{ "type": "Feature", "properties": { "segment_id": "YE_MAIN_NB_076", "source_edge_id": "6281738195_2044427046_0", "direction": "NB", "is_mainline": true, "is_ramp": false, "is_interchange_related": false, "interchange_name": null, "chainage_start_km": 68.753, "chainage_end_km": 69.795, "length_m": 1042.0576677826828, "road_class": "motorway", "name": "Yamuna Expressway", "lanes": 3.0, "maxspeed": 100.0, "start_node": "sub_6281738195_2044427046_1", "end_node": "sub_6281738195_2044427046_2", "subsegment_index": 1, "total_subsegments": 6 }, "geometry": { "type": "LineString", "coordinates": [ [ 77.747122401219528, 27.56292004620768 ], [ 77.7469949, 27.5634819 ], [ 77.7468491, 27.5643344 ], [ 77.7467693, 27.5648698 ], [ 77.7466501, 27.566167 ], [ 77.7465863, 27.5674313 ], [ 77.7465986, 27.568441 ], [ 77.7466255, 27.568922 ], [ 77.7466418, 27.5692152 ], [ 77.7466747, 27.5698032 ], [ 77.7468023, 27.5708346 ], [ 77.7470552, 27.5721794 ], [ 77.747067761008864, 27.57225999722462 ] ] } },
{ "type": "Feature", "properties": { "segment_id": "YE_MAIN_NB_077", "source_edge_id": "6281738195_2044427046_0", "direction": "NB", "is_mainline": true, "is_ramp": false, "is_interchange_related": false, "interchange_name": null, "chainage_start_km": 69.795, "chainage_end_km": 70.837, "length_m": 1042.0576677831286, "road_class": "motorway", "name": "Yamuna Expressway", "lanes": 3.0, "maxspeed": 100.0, "start_node": "sub_6281738195_2044427046_2", "end_node": "sub_6281738195_2044427046_3", "subsegment_index": 2, "total_subsegments": 6 }, "geometry": { "type": "LineString", "coordinates": [ [ 77.747067761008864, 27.57225999722462 ], [ 77.7473468, 27.5740504 ], [ 77.7479379, 27.5777983 ], [ 77.7479708, 27.5780073 ], [ 77.7480029, 27.5782107 ], [ 77.748552971389827, 27.581565313460235 ] ] } },
{ "type": "Feature", "properties": { "segment_id": "YE_MAIN_NB_078", "source_edge_id": "6281738195_2044427046_0", "direction": "NB", "is_mainline": true, "is_ramp": false, "is_interchange_related": false, "interchange_name": null, "chainage_start_km": 70.837, "chainage_end_km": 71.879, "length_m": 1042.0576677831159, "road_class": "motorway", "name": "Yamuna Expressway", "lanes": 3.0, "maxspeed": 100.0, "start_node": "sub_6281738195_2044427046_3", "end_node": "sub_6281738195_2044427046_4", "subsegment_index": 3, "total_subsegments": 6 }, "geometry": { "type": "LineString", "coordinates": [ [ 77.748552971389827, 27.581565313460235 ], [ 77.748603, 27.5818704 ], [ 77.7489085, 27.5843935 ], [ 77.7489884, 27.5851781 ], [ 77.7489884, 27.586492 ], [ 77.7489783, 27.5866927 ], [ 77.7489685, 27.5868882 ], [ 77.7489525, 27.5872083 ], [ 77.7488912, 27.5884335 ], [ 77.7487992, 27.5891222 ], [ 77.7486733, 27.5899969 ], [ 77.748514684162743, 27.590918461987886 ] ] } },
{ "type": "Feature", "properties": { "segment_id": "YE_MAIN_NB_079", "source_edge_id": "6281738195_2044427046_0", "direction": "NB", "is_mainline": true, "is_ramp": false, "is_interchange_related": false, "interchange_name": null, "chainage_start_km": 71.879, "chainage_end_km": 72.921, "length_m": 1042.0576677827719, "road_class": "motorway", "name": "Yamuna Expressway", "lanes": 3.0, "maxspeed": 100.0, "start_node": "sub_6281738195_2044427046_4", "end_node": "sub_6281738195_2044427046_5", "subsegment_index": 4, "total_subsegments": 6 }, "geometry": { "type": "LineString", "coordinates": [ [ 77.748514684162743, 27.590918461987886 ], [ 77.7484696, 27.5911804 ], [ 77.748314900000011, 27.5918701 ], [ 77.7478461, 27.5934626 ], [ 77.7473699, 27.5952313 ], [ 77.7466138, 27.5980377 ], [ 77.746049646605542, 27.600055331938631 ] ] } },
{ "type": "Feature", "properties": { "segment_id": "YE_MAIN_NB_080", "source_edge_id": "6281738195_2044427046_0", "direction": "NB", "is_mainline": true, "is_ramp": false, "is_interchange_related": false, "interchange_name": null, "chainage_start_km": 72.921, "chainage_end_km": 73.963, "length_m": 1042.0576677829476, "road_class": "motorway", "name": "Yamuna Expressway", "lanes": 3.0, "maxspeed": 100.0, "start_node": "sub_6281738195_2044427046_5", "end_node": "2044427046", "subsegment_index": 5, "total_subsegments": 6 }, "geometry": { "type": "LineString", "coordinates": [ [ 77.746049646605542, 27.600055331938631 ], [ 77.7458504, 27.6007679 ], [ 77.7451949, 27.6031847 ], [ 77.7447451, 27.6047362 ], [ 77.7446832, 27.6049497 ], [ 77.7443971, 27.6059365 ], [ 77.7440256, 27.6073174 ], [ 77.7439716, 27.607518 ], [ 77.7435528, 27.6091867 ] ] } },
{ "type": "Feature", "properties": { "segment_id": "YE_MAIN_NB_081", "source_edge_id": "2044427046_2044427054_0", "direction": "NB", "is_mainline": true, "is_ramp": false, "is_interchange_related": false, "interchange_name": null, "chainage_start_km": 73.963, "chainage_end_km": 74.49, "length_m": 526.57628880435846, "road_class": "motorway", "name": "Yamuna Expressway", "lanes": 3.0, "maxspeed": 100.0, "start_node": "2044427046", "end_node": "2044427054", "subsegment_index": 0, "total_subsegments": 1 }, "geometry": { "type": "LineString", "coordinates": [ [ 77.7435528, 27.6091867 ], [ 77.742895500000017, 27.6115572 ], [ 77.7422548, 27.6137933 ] ] } },
{ "type": "Feature", "properties": { "segment_id": "YE_MAIN_NB_082", "source_edge_id": "2044427054_6702944782_0", "direction": "NB", "is_mainline": true, "is_ramp": false, "is_interchange_related": false, "interchange_name": null, "chainage_start_km": 74.49, "chainage_end_km": 75.124, "length_m": 633.63977001995704, "road_class": "motorway", "name": "Yamuna Expressway", "lanes": 3.0, "maxspeed": 100.0, "start_node": "2044427054", "end_node": "6702944782", "subsegment_index": 0, "total_subsegments": 1 }, "geometry": { "type": "LineString", "coordinates": [ [ 77.7422548, 27.6137933 ], [ 77.7420389, 27.6145938 ], [ 77.7419097, 27.615073 ], [ 77.741788400000019, 27.6155225 ], [ 77.741106, 27.6180696 ], [ 77.7407552, 27.6193502 ] ] } },
{ "type": "Feature", "properties": { "segment_id": "YE_MAIN_NB_083", "source_edge_id": "6702944782_13957543374_0", "direction": "NB", "is_mainline": true, "is_ramp": false, "is_interchange_related": false, "interchange_name": null, "chainage_start_km": 75.124, "chainage_end_km": 76.228, "length_m": 1104.2847458000049, "road_class": "motorway", "name": "Yamuna Expressway", "lanes": 3.0, "maxspeed": 100.0, "start_node": "6702944782", "end_node": "sub_6702944782_13957543374_1", "subsegment_index": 0, "total_subsegments": 4 }, "geometry": { "type": "LineString", "coordinates": [ [ 77.7407552, 27.6193502 ], [ 77.7401749, 27.6214683 ], [ 77.7401297, 27.6216333 ], [ 77.7391171, 27.625329 ], [ 77.738119592221224, 27.629029847899886 ] ] } },
{ "type": "Feature", "properties": { "segment_id": "YE_MAIN_NB_084", "source_edge_id": "6702944782_13957543374_0", "direction": "NB", "is_mainline": true, "is_ramp": false, "is_interchange_related": false, "interchange_name": null, "chainage_start_km": 76.228, "chainage_end_km": 77.332, "length_m": 1104.2847457995244, "road_class": "motorway", "name": "Yamuna Expressway", "lanes": 3.0, "maxspeed": 100.0, "start_node": "sub_6702944782_13957543374_1", "end_node": "sub_6702944782_13957543374_2", "subsegment_index": 1, "total_subsegments": 4 }, "geometry": { "type": "LineString", "coordinates": [ [ 77.738119592221224, 27.629029847899886 ], [ 77.737529, 27.6312209 ], [ 77.7358057, 27.637432 ], [ 77.7354572, 27.6386947 ], [ 77.735454852150809, 27.638703202487331 ] ] } },
{ "type": "Feature", "properties": { "segment_id": "YE_MAIN_NB_085", "source_edge_id": "6702944782_13957543374_0", "direction": "NB", "is_mainline": true, "is_ramp": false, "is_interchange_related": false, "interchange_name": null, "chainage_start_km": 77.332, "chainage_end_km": 78.436, "length_m": 1104.2847457996813, "road_class": "motorway", "name": "Yamuna Expressway", "lanes": 3.0, "maxspeed": 100.0, "start_node": "sub_6702944782_13957543374_2", "end_node": "sub_6702944782_13957543374_3", "subsegment_index": 2, "total_subsegments": 4 }, "geometry": { "type": "LineString", "coordinates": [ [ 77.735454852150809, 27.638703202487331 ], [ 77.735388, 27.6389453 ], [ 77.7348189, 27.6410071 ], [ 77.7337693, 27.6447875 ], [ 77.7332505, 27.6466231 ], [ 77.7331896, 27.6468387 ], [ 77.732854227603113, 27.648388564785012 ] ] } },
{ "type": "Feature", "properties": { "segment_id": "YE_MAIN_NB_086", "source_edge_id": "6702944782_13957543374_0", "direction": "NB", "is_mainline": true, "is_ramp": false, "is_interchange_related": false, "interchange_name": null, "chainage_start_km": 78.436, "chainage_end_km": 79.541, "length_m": 1104.2847457999223, "road_class": "motorway", "name": "Yamuna Expressway", "lanes": 3.0, "maxspeed": 100.0, "start_node": "sub_6702944782_13957543374_3", "end_node": "13957543374", "subsegment_index": 3, "total_subsegments": 4 }, "geometry": { "type": "LineString", "coordinates": [ [ 77.732854227603113, 27.648388564785012 ], [ 77.7328529, 27.6483947 ], [ 77.73263, 27.6496894 ], [ 77.7324772, 27.6516944 ], [ 77.7324252, 27.6534656 ], [ 77.7324981, 27.6547786 ], [ 77.7325342, 27.6552893 ], [ 77.7325475, 27.655478 ], [ 77.7325752, 27.6557517 ], [ 77.7326554, 27.6564911 ], [ 77.7326089, 27.6577326 ], [ 77.7325861, 27.6583198 ] ] } },
{ "type": "Feature", "properties": { "segment_id": "YE_MAIN_NB_087", "source_edge_id": "13957543374_13957543348_0", "direction": "NB", "is_mainline": true, "is_ramp": false, "is_interchange_related": false, "interchange_name": null, "chainage_start_km": 79.541, "chainage_end_km": 79.99, "length_m": 449.54338748169238, "road_class": "motorway", "name": "Yamuna Expressway", "lanes": 3.0, "maxspeed": 100.0, "start_node": "13957543374", "end_node": "13957543348", "subsegment_index": 0, "total_subsegments": 1 }, "geometry": { "type": "LineString", "coordinates": [ [ 77.7325861, 27.6583198 ], [ 77.7325509, 27.6594002 ], [ 77.7325791, 27.6604745 ], [ 77.7326521, 27.6616266 ], [ 77.7328406, 27.6623528 ] ] } },
{ "type": "Feature", "properties": { "segment_id": "YE_MAIN_NB_088", "source_edge_id": "13957543348_12008956690_0", "direction": "NB", "is_mainline": true, "is_ramp": false, "is_interchange_related": false, "interchange_name": null, "chainage_start_km": 79.99, "chainage_end_km": 80.981, "length_m": 991.04689481153309, "road_class": "motorway", "name": "Yamuna Expressway", "lanes": 3.0, "maxspeed": 100.0, "start_node": "13957543348", "end_node": "sub_13957543348_12008956690_1", "subsegment_index": 0, "total_subsegments": 25 }, "geometry": { "type": "LineString", "coordinates": [ [ 77.7328406, 27.6623528 ], [ 77.7328584, 27.6624214 ], [ 77.7331304, 27.6643342 ], [ 77.7331788, 27.6647244 ], [ 77.7332174, 27.6658871 ], [ 77.7335549, 27.6708668 ], [ 77.733582951253624, 27.671261878089041 ] ] } },
{ "type": "Feature", "properties": { "segment_id": "YE_MAIN_NB_089", "source_edge_id": "13957543348_12008956690_0", "direction": "NB", "is_mainline": true, "is_ramp": false, "is_interchange_related": false, "interchange_name": null, "chainage_start_km": 80.981, "chainage_end_km": 81.972, "length_m": 991.04689481211585, "road_class": "motorway", "name": "Yamuna Expressway", "lanes": 3.0, "maxspeed": 100.0, "start_node": "sub_13957543348_12008956690_1", "end_node": "sub_13957543348_12008956690_2", "subsegment_index": 1, "total_subsegments": 25 }, "geometry": { "type": "LineString", "coordinates": [ [ 77.733582951253624, 27.671261878089041 ], [ 77.7335858, 27.671302 ], [ 77.7336077, 27.6716397 ], [ 77.7336343, 27.6720138 ], [ 77.7338012, 27.6740588 ], [ 77.7340891, 27.6785793 ], [ 77.7341073, 27.6788662 ], [ 77.734191317993776, 27.680184125604139 ] ] } },
{ "type": "Feature", "properties": { "segment_id": "YE_MAIN_NB_090", "source_edge_id": "13957543348_12008956690_0", "direction": "NB", "is_mainline": true, "is_ramp": false, "is_interchange_related": false, "interchange_name": null, "chainage_start_km": 81.972, "chainage_end_km": 82.963, "length_m": 991.04689481165462, "road_class": "motorway", "name": "Yamuna Expressway", "lanes": 3.0, "maxspeed": 100.0, "start_node": "sub_13957543348_12008956690_2", "end_node": "sub_13957543348_12008956690_3", "subsegment_index": 2, "total_subsegments": 25 }, "geometry": { "type": "LineString", "coordinates": [ [ 77.734191317993776, 27.680184125604139 ], [ 77.7342169, 27.6805854 ], [ 77.7346611, 27.6868428 ], [ 77.7348001, 27.6888937 ], [ 77.7348124, 27.6890756 ], [ 77.73481444224241, 27.689105739351664 ] ] } },
{ "type": "Feature", "properties": { "segment_id": "YE_MAIN_NB_091", "source_edge_id": "13957543348_12008956690_0", "direction": "NB", "is_mainline": true, "is_ramp": false, "is_interchange_related": false, "interchange_name": null, "chainage_start_km": 82.963, "chainage_end_km": 83.954, "length_m": 991.0468948116245, "road_class": "motorway", "name": "Yamuna Expressway", "lanes": 3.0, "maxspeed": 100.0, "start_node": "sub_13957543348_12008956690_3", "end_node": "sub_13957543348_12008956690_4", "subsegment_index": 3, "total_subsegments": 25 }, "geometry": { "type": "LineString", "coordinates": [ [ 77.73481444224241, 27.689105739351664 ], [ 77.7350258, 27.6922248 ], [ 77.7351276, 27.6941274 ], [ 77.735143, 27.6944339 ], [ 77.7352028, 27.6955519 ], [ 77.7352375, 27.6970058 ], [ 77.735189010198056, 27.698033948264726 ] ] } },
{ "type": "Feature", "properties": { "segment_id": "YE_MAIN_NB_092", "source_edge_id": "13957543348_12008956690_0", "direction": "NB", "is_mainline": true, "is_ramp": false, "is_interchange_related": false, "interchange_name": null, "chainage_start_km": 83.954, "chainage_end_km": 84.945, "length_m": 991.04689481196101, "road_class": "motorway", "name": "Yamuna Expressway", "lanes": 3.0, "maxspeed": 100.0, "start_node": "sub_13957543348_12008956690_4", "end_node": "sub_13957543348_12008956690_5", "subsegment_index": 4, "total_subsegments": 25 }, "geometry": { "type": "LineString", "coordinates": [ [ 77.735189010198056, 27.698033948264726 ], [ 77.7351785, 27.6982568 ], [ 77.7350327, 27.6994402 ], [ 77.7348973, 27.7003233 ], [ 77.7348633, 27.700545 ], [ 77.7347654, 27.7011634 ], [ 77.734387, 27.7027617 ], [ 77.7339808, 27.7040557 ], [ 77.7337925, 27.7045826 ], [ 77.7337036, 27.7048315 ], [ 77.7334393, 27.705571 ], [ 77.732953870636209, 27.706710535215517 ] ] } },
{ "type": "Feature", "properties": { "segment_id": "YE_MAIN_NB_093", "source_edge_id": "13957543348_12008956690_0", "direction": "NB", "is_mainline": true, "is_ramp": false, "is_interchange_related": false, "interchange_name": null, "chainage_start_km": 84.945, "chainage_end_km": 85.936, "length_m": 991.04689481173068, "road_class": "motorway", "name": "Yamuna Expressway", "lanes": 3.0, "maxspeed": 100.0, "start_node": "sub_13957543348_12008956690_5", "end_node": "sub_13957543348_12008956690_6", "subsegment_index": 5, "total_subsegments": 25 }, "geometry": { "type": "LineString", "coordinates": [ [ 77.732953870636209, 27.706710535215517 ], [ 77.7321444, 27.7086107 ], [ 77.7311203, 27.7111647 ], [ 77.7299504, 27.713946 ], [ 77.7296412, 27.7146824 ], [ 77.729468521307012, 27.715093627489786 ] ] } },
{ "type": "Feature", "properties": { "segment_id": "YE_MAIN_NB_094", "source_edge_id": "13957543348_12008956690_0", "direction": "NB", "is_mainline": true, "is_ramp": false, "is_interchange_related": false, "interchange_name": null, "chainage_start_km": 85.936, "chainage_end_km": 86.928, "length_m": 991.04689481169146, "road_class": "motorway", "name": "Yamuna Expressway", "lanes": 3.0, "maxspeed": 100.0, "start_node": "sub_13957543348_12008956690_6", "end_node": "sub_13957543348_12008956690_7", "subsegment_index": 6, "total_subsegments": 25 }, "geometry": { "type": "LineString", "coordinates": [ [ 77.729468521307012, 27.715093627489786 ], [ 77.7294535, 27.7151294 ], [ 77.7289297, 27.716377 ], [ 77.7265364, 27.7222157 ], [ 77.7264239, 27.72249 ], [ 77.7262289, 27.7229658 ], [ 77.726018721199566, 27.723488698000715 ] ] } },
{ "type": "Feature", "properties": { "segment_id": "YE_MAIN_NB_095", "source_edge_id": "13957543348_12008956690_0", "direction": "NB", "is_mainline": true, "is_ramp": false, "is_interchange_related": false, "interchange_name": null, "chainage_start_km": 86.928, "chainage_end_km": 87.919, "length_m": 991.04689481160472, "road_class": "motorway", "name": "Yamuna Expressway", "lanes": 3.0, "maxspeed": 100.0, "start_node": "sub_13957543348_12008956690_7", "end_node": "sub_13957543348_12008956690_8", "subsegment_index": 7, "total_subsegments": 25 }, "geometry": { "type": "LineString", "coordinates": [ [ 77.726018721199566, 27.723488698000715 ], [ 77.725854, 27.7238985 ], [ 77.7255617, 27.7246228 ], [ 77.725369, 27.7251 ], [ 77.7241406, 27.7281435 ], [ 77.722570093455445, 27.731884107807382 ] ] } },
{ "type": "Feature", "properties": { "segment_id": "YE_MAIN_NB_096", "source_edge_id": "13957543348_12008956690_0", "direction": "NB", "is_mainline": true, "is_ramp": false, "is_interchange_related": false, "interchange_name": null, "chainage_start_km": 87.919, "chainage_end_km": 88.91, "length_m": 991.04689481197966, "road_class": "motorway", "name": "Yamuna Expressway", "lanes": 3.0, "maxspeed": 100.0, "start_node": "sub_13957543348_12008956690_8", "end_node": "sub_13957543348_12008956690_9", "subsegment_index": 8, "total_subsegments": 25 }, "geometry": { "type": "LineString", "coordinates": [ [ 77.722570093455445, 27.731884107807382 ], [ 77.7217589, 27.7338161 ], [ 77.7216825, 27.7339979 ], [ 77.7215956, 27.7342048 ], [ 77.719102328315685, 27.740273518363281 ] ] } },
{ "type": "Feature", "properties": { "segment_id": "YE_MAIN_NB_097", "source_edge_id": "13957543348_12008956690_0", "direction": "NB", "is_mainline": true, "is_ramp": false, "is_interchange_related": false, "interchange_name": null, "chainage_start_km": 88.91, "chainage_end_km": 89.901, "length_m": 991.04689481149705, "road_class": "motorway", "name": "Yamuna Expressway", "lanes": 3.0, "maxspeed": 100.0, "start_node": "sub_13957543348_12008956690_9", "end_node": "sub_13957543348_12008956690_10", "subsegment_index": 9, "total_subsegments": 25 }, "geometry": { "type": "LineString", "coordinates": [ [ 77.719102328315685, 27.740273518363281 ], [ 77.7189391, 27.7406708 ], [ 77.7176229, 27.7438328 ], [ 77.7174672, 27.7442068 ], [ 77.717142, 27.7449879 ], [ 77.716125100000014, 27.747461 ], [ 77.715631262530295, 27.748661977152743 ] ] } },
{ "type": "Feature", "properties": { "segment_id": "YE_MAIN_NB_098", "source_edge_id": "13957543348_12008956690_0", "direction": "NB", "is_mainline": true, "is_ramp": false, "is_interchange_related": false, "interchange_name": null, "chainage_start_km": 89.901, "chainage_end_km": 90.892, "length_m": 991.04689481190167, "road_class": "motorway", "name": "Yamuna Expressway", "lanes": 3.0, "maxspeed": 100.0, "start_node": "sub_13957543348_12008956690_10", "end_node": "sub_13957543348_12008956690_11", "subsegment_index": 10, "total_subsegments": 25 }, "geometry": { "type": "LineString", "coordinates": [ [ 77.715631262530295, 27.748661977152743 ], [ 77.7155713, 27.7488078 ], [ 77.7154921, 27.7490003 ], [ 77.7152166, 27.7496702 ], [ 77.7141227, 27.7523175 ], [ 77.7136818, 27.7535375 ], [ 77.7132856, 27.7549203 ], [ 77.7130289, 27.7560513 ], [ 77.7129634, 27.7563544 ], [ 77.7128853, 27.7567155 ], [ 77.712777918194305, 27.7572124727564 ] ] } },
{ "type": "Feature", "properties": { "segment_id": "YE_MAIN_NB_099", "source_edge_id": "13957543348_12008956690_0", "direction": "NB", "is_mainline": true, "is_ramp": false, "is_interchange_related": false, "interchange_name": null, "chainage_start_km": 90.892, "chainage_end_km": 91.883, "length_m": 991.04689481184778, "road_class": "motorway", "name": "Yamuna Expressway", "lanes": 3.0, "maxspeed": 100.0, "start_node": "sub_13957543348_12008956690_11", "end_node": "sub_13957543348_12008956690_12", "subsegment_index": 11, "total_subsegments": 25 }, "geometry": { "type": "LineString", "coordinates": [ [ 77.712777918194305, 27.7572124727564 ], [ 77.7127108, 27.7575231 ], [ 77.7125768, 27.7591627 ], [ 77.7125154, 27.7608715 ], [ 77.7125154, 27.7623926 ], [ 77.7126311, 27.7636177 ], [ 77.7126684, 27.7640128 ], [ 77.7127163, 27.7645211 ], [ 77.713025801546252, 27.766109305198302 ] ] } },
{ "type": "Feature", "properties": { "segment_id": "YE_MAIN_NB_100", "source_edge_id": "13957543348_12008956690_0", "direction": "NB", "is_mainline": true, "is_ramp": false, "is_interchange_related": false, "interchange_name": null, "chainage_start_km": 91.883, "chainage_end_km": 92.874, "length_m": 991.04689481152593, "road_class": "motorway", "name": "Yamuna Expressway", "lanes": 3.0, "maxspeed": 100.0, "start_node": "sub_13957543348_12008956690_12", "end_node": "sub_13957543348_12008956690_13", "subsegment_index": 12, "total_subsegments": 25 }, "geometry": { "type": "LineString", "coordinates": [ [ 77.713025801546252, 27.766109305198302 ], [ 77.7130791, 27.7663828 ], [ 77.7142176, 27.7710494 ], [ 77.7151092, 27.774631 ], [ 77.715161573986833, 27.774843691225023 ] ] } },
{ "type": "Feature", "properties": { "segment_id": "YE_MAIN_NB_101", "source_edge_id": "13957543348_12008956690_0", "direction": "NB", "is_mainline": true, "is_ramp": false, "is_interchange_related": false, "interchange_name": null, "chainage_start_km": 92.874, "chainage_end_km": 93.865, "length_m": 991.04689481190553, "road_class": "motorway", "name": "Yamuna Expressway", "lanes": 3.0, "maxspeed": 100.0, "start_node": "sub_13957543348_12008956690_13", "end_node": "sub_13957543348_12008956690_14", "subsegment_index": 13, "total_subsegments": 25 }, "geometry": { "type": "LineString", "coordinates": [ [ 77.715161573986833, 27.774843691225023 ], [ 77.7155983, 27.7766172 ], [ 77.7156445, 27.7768048 ], [ 77.7160919, 27.7786219 ], [ 77.7169752, 27.7822151 ], [ 77.717303626608881, 27.783577144030247 ] ] } },
{ "type": "Feature", "properties": { "segment_id": "YE_MAIN_NB_102", "source_edge_id": "13957543348_12008956690_0", "direction": "NB", "is_mainline": true, "is_ramp": false, "is_interchange_related": false, "interchange_name": null, "chainage_start_km": 93.865, "chainage_end_km": 94.856, "length_m": 991.04689481151877, "road_class": "motorway", "name": "Yamuna Expressway", "lanes": 3.0, "maxspeed": 100.0, "start_node": "sub_13957543348_12008956690_14", "end_node": "sub_13957543348_12008956690_15", "subsegment_index": 14, "total_subsegments": 25 }, "geometry": { "type": "LineString", "coordinates": [ [ 77.717303626608881, 27.783577144030247 ], [ 77.7179878, 27.7864144 ], [ 77.7181903, 27.7872539 ], [ 77.7182617, 27.7875499 ], [ 77.7190509, 27.7905767 ], [ 77.719476549696736, 27.792304331173789 ] ] } },
{ "type": "Feature", "properties": { "segment_id": "YE_MAIN_NB_103", "source_edge_id": "13957543348_12008956690_0", "direction": "NB", "is_mainline": true, "is_ramp": false, "is_interchange_related": false, "interchange_name": null, "chainage_start_km": 94.856, "chainage_end_km": 95.847, "length_m": 991.04689481200489, "road_class": "motorway", "name": "Yamuna Expressway", "lanes": 3.0, "maxspeed": 100.0, "start_node": "sub_13957543348_12008956690_15", "end_node": "sub_13957543348_12008956690_16", "subsegment_index": 15, "total_subsegments": 25 }, "geometry": { "type": "LineString", "coordinates": [ [ 77.719476549696736, 27.792304331173789 ], [ 77.7212929, 27.7996758 ], [ 77.7213976, 27.8001045 ], [ 77.7214459, 27.8003023 ], [ 77.721625288262715, 27.801036514906368 ] ] } },
{ "type": "Feature", "properties": { "segment_id": "YE_MAIN_NB_104", "source_edge_id": "13957543348_12008956690_0", "direction": "NB", "is_mainline": true, "is_ramp": false, "is_interchange_related": false, "interchange_name": null, "chainage_start_km": 95.847, "chainage_end_km": 96.838, "length_m": 991.04689481149899, "road_class": "motorway", "name": "Yamuna Expressway", "lanes": 3.0, "maxspeed": 100.0, "start_node": "sub_13957543348_12008956690_16", "end_node": "sub_13957543348_12008956690_17", "subsegment_index": 16, "total_subsegments": 25 }, "geometry": { "type": "LineString", "coordinates": [ [ 77.721625288262715, 27.801036514906368 ], [ 77.7226986, 27.8054292 ], [ 77.7234078, 27.808364 ], [ 77.7234664, 27.8086062 ], [ 77.723748500972334, 27.80977364107137 ] ] } },
{ "type": "Feature", "properties": { "segment_id": "YE_MAIN_NB_105", "source_edge_id": "13957543348_12008956690_0", "direction": "NB", "is_mainline": true, "is_ramp": false, "is_interchange_related": false, "interchange_name": null, "chainage_start_km": 96.838, "chainage_end_km": 97.829, "length_m": 991.04689481170044, "road_class": "motorway", "name": "Yamuna Expressway", "lanes": 3.0, "maxspeed": 100.0, "start_node": "sub_13957543348_12008956690_17", "end_node": "sub_13957543348_12008956690_18", "subsegment_index": 17, "total_subsegments": 25 }, "geometry": { "type": "LineString", "coordinates": [ [ 77.723748500972334, 27.80977364107137 ], [ 77.7239659, 27.8106733 ], [ 77.7240287, 27.8109241 ], [ 77.7253862, 27.8163487 ], [ 77.7257914, 27.8180302 ], [ 77.7258456, 27.8182548 ], [ 77.725905694395934, 27.81850413888338 ] ] } },
{ "type": "Feature", "properties": { "segment_id": "YE_MAIN_NB_106", "source_edge_id": "13957543348_12008956690_0", "direction": "NB", "is_mainline": true, "is_ramp": false, "is_interchange_related": false, "interchange_name": null, "chainage_start_km": 97.829, "chainage_end_km": 98.82, "length_m": 991.04689481186585, "road_class": "motorway", "name": "Yamuna Expressway", "lanes": 3.0, "maxspeed": 100.0, "start_node": "sub_13957543348_12008956690_18", "end_node": "sub_13957543348_12008956690_19", "subsegment_index": 18, "total_subsegments": 25 }, "geometry": { "type": "LineString", "coordinates": [ [ 77.725905694395934, 27.81850413888338 ], [ 77.7262958, 27.8201227 ], [ 77.7263481, 27.8203399 ], [ 77.726566100000014, 27.8212445 ], [ 77.7268502, 27.822507 ], [ 77.7270323, 27.8237889 ], [ 77.7271779, 27.8250192 ], [ 77.727194, 27.8259723 ], [ 77.7272009, 27.8263876 ], [ 77.7272071, 27.8267519 ], [ 77.72718734502601, 27.827338233728128 ] ] } },
{ "type": "Feature", "properties": { "segment_id": "YE_MAIN_NB_107", "source_edge_id": "13957543348_12008956690_0", "direction": "NB", "is_mainline": true, "is_ramp": false, "is_interchange_related": false, "interchange_name": null, "chainage_start_km": 98.82, "chainage_end_km": 99.811, "length_m": 991.0468948119518, "road_class": "motorway", "name": "Yamuna Expressway", "lanes": 3.0, "maxspeed": 100.0, "start_node": "sub_13957543348_12008956690_19", "end_node": "sub_13957543348_12008956690_20", "subsegment_index": 19, "total_subsegments": 25 }, "geometry": { "type": "LineString", "coordinates": [ [ 77.72718734502601, 27.827338233728128 ], [ 77.7271561, 27.8282656 ], [ 77.7270614, 27.8295602 ], [ 77.7269471, 27.8302853 ], [ 77.7268387, 27.8309727 ], [ 77.7267628, 27.8314539 ], [ 77.726435, 27.8328709 ], [ 77.7259543, 27.8345649 ], [ 77.725383155837633, 27.83609030315278 ] ] } },
{ "type": "Feature", "properties": { "segment_id": "YE_MAIN_NB_108", "source_edge_id": "13957543348_12008956690_0", "direction": "NB", "is_mainline": true, "is_ramp": false, "is_interchange_related": false, "interchange_name": null, "chainage_start_km": 99.811, "chainage_end_km": 100.802, "length_m": 991.04689481171818, "road_class": "motorway", "name": "Yamuna Expressway", "lanes": 3.0, "maxspeed": 100.0, "start_node": "sub_13957543348_12008956690_20", "end_node": "sub_13957543348_12008956690_21", "subsegment_index": 20, "total_subsegments": 25 }, "geometry": { "type": "LineString", "coordinates": [ [ 77.725383155837633, 27.83609030315278 ], [ 77.7252405, 27.8364713 ], [ 77.7241931, 27.8389886 ], [ 77.7240904, 27.8392355 ], [ 77.7237693, 27.8400072 ], [ 77.7228078, 27.8421905 ], [ 77.7218318, 27.8439358 ], [ 77.721567241274599, 27.844346811937918 ] ] } },
{ "type": "Feature", "properties": { "segment_id": "YE_MAIN_NB_109", "source_edge_id": "13957543348_12008956690_0", "direction": "NB", "is_mainline": true, "is_ramp": false, "is_interchange_related": false, "interchange_name": null, "chainage_start_km": 100.802, "chainage_end_km": 101.793, "length_m": 991.04689481151627, "road_class": "motorway", "name": "Yamuna Expressway", "lanes": 3.0, "maxspeed": 100.0, "start_node": "sub_13957543348_12008956690_21", "end_node": "sub_13957543348_12008956690_22", "subsegment_index": 21, "total_subsegments": 25 }, "geometry": { "type": "LineString", "coordinates": [ [ 77.721567241274599, 27.844346811937918 ], [ 77.7211728, 27.8449596 ], [ 77.7209902, 27.8452432 ], [ 77.7207539, 27.8456103 ], [ 77.7194647, 27.8472525 ], [ 77.7183503, 27.8485598 ], [ 77.7173743, 27.8495516 ], [ 77.716492, 27.8503971 ], [ 77.7162583, 27.850621 ], [ 77.715444152638753, 27.851401187054922 ] ] } },
{ "type": "Feature", "properties": { "segment_id": "YE_MAIN_NB_110", "source_edge_id": "13957543348_12008956690_0", "direction": "NB", "is_mainline": true, "is_ramp": false, "is_interchange_related": false, "interchange_name": null, "chainage_start_km": 101.793, "chainage_end_km": 102.784, "length_m": 991.04689481192145, "road_class": "motorway", "name": "Yamuna Expressway", "lanes": 3.0, "maxspeed": 100.0, "start_node": "sub_13957543348_12008956690_22", "end_node": "sub_13957543348_12008956690_23", "subsegment_index": 22, "total_subsegments": 25 }, "geometry": { "type": "LineString", "coordinates": [ [ 77.715444152638753, 27.851401187054922 ], [ 77.7131102, 27.8536377 ], [ 77.7129497, 27.8537916 ], [ 77.7123341, 27.8543814 ], [ 77.70863446459623, 27.857979127502634 ] ] } },
{ "type": "Feature", "properties": { "segment_id": "YE_MAIN_NB_111", "source_edge_id": "13957543348_12008956690_0", "direction": "NB", "is_mainline": true, "is_ramp": false, "is_interchange_related": false, "interchange_name": null, "chainage_start_km": 102.784, "chainage_end_km": 103.775, "length_m": 991.04689481175558, "road_class": "motorway", "name": "Yamuna Expressway", "lanes": 3.0, "maxspeed": 100.0, "start_node": "sub_13957543348_12008956690_23", "end_node": "sub_13957543348_12008956690_24", "subsegment_index": 23, "total_subsegments": 25 }, "geometry": { "type": "LineString", "coordinates": [ [ 77.70863446459623, 27.857979127502634 ], [ 77.7084789, 27.8581304 ], [ 77.708195300000014, 27.8584062 ], [ 77.7071538, 27.8594189 ], [ 77.7069977, 27.8595707 ], [ 77.7065, 27.8600546 ], [ 77.7025524, 27.863873 ], [ 77.701775994692937, 27.8645136683439 ] ] } },
{ "type": "Feature", "properties": { "segment_id": "YE_MAIN_NB_112", "source_edge_id": "13957543348_12008956690_0", "direction": "NB", "is_mainline": true, "is_ramp": false, "is_interchange_related": false, "interchange_name": null, "chainage_start_km": 103.775, "chainage_end_km": 104.766, "length_m": 991.04689481174842, "road_class": "motorway", "name": "Yamuna Expressway", "lanes": 3.0, "maxspeed": 100.0, "start_node": "sub_13957543348_12008956690_24", "end_node": "12008956690", "subsegment_index": 24, "total_subsegments": 25 }, "geometry": { "type": "LineString", "coordinates": [ [ 77.701775994692937, 27.8645136683439 ], [ 77.7016784, 27.8645942 ], [ 77.7001852, 27.8657339 ], [ 77.6988669, 27.8666418 ], [ 77.6980406, 27.8671392 ], [ 77.6974152, 27.8675126 ], [ 77.6962872, 27.8681075 ], [ 77.6956769, 27.8683885 ], [ 77.6953192, 27.8685532 ], [ 77.6948828, 27.8687542 ], [ 77.6933821, 27.8693514 ] ] } },
{ "type": "Feature", "properties": { "segment_id": "YE_MAIN_NB_113", "source_edge_id": "12008956690_11885764178_0", "direction": "NB", "is_mainline": true, "is_ramp": false, "is_interchange_related": false, "interchange_name": null, "chainage_start_km": 104.766, "chainage_end_km": 105.606, "length_m": 840.07559793087125, "road_class": "motorway", "name": "Yamuna Expressway", "lanes": 3.0, "maxspeed": 100.0, "start_node": "12008956690", "end_node": "sub_12008956690_11885764178_1", "subsegment_index": 0, "total_subsegments": 3 }, "geometry": { "type": "LineString", "coordinates": [ [ 77.6933821, 27.8693514 ], [ 77.6899689, 27.8707096 ], [ 77.6877446, 27.8715929 ], [ 77.68751180000001, 27.8716853 ], [ 77.685598629585257, 27.872445107762413 ] ] } },
{ "type": "Feature", "properties": { "segment_id": "YE_MAIN_NB_114", "source_edge_id": "12008956690_11885764178_0", "direction": "NB", "is_mainline": true, "is_ramp": false, "is_interchange_related": false, "interchange_name": null, "chainage_start_km": 105.606, "chainage_end_km": 106.447, "length_m": 840.07559793083226, "road_class": "motorway", "name": "Yamuna Expressway", "lanes": 3.0, "maxspeed": 100.0, "start_node": "sub_12008956690_11885764178_1", "end_node": "sub_12008956690_11885764178_2", "subsegment_index": 1, "total_subsegments": 3 }, "geometry": { "type": "LineString", "coordinates": [ [ 77.685598629585257, 27.872445107762413 ], [ 77.6845043, 27.8728797 ], [ 77.6823712, 27.8737291 ], [ 77.6820549, 27.8738551 ], [ 77.6803432, 27.8745366 ], [ 77.68012250000001, 27.8746245 ], [ 77.677816817106773, 27.875542638594439 ] ] } },
{ "type": "Feature", "properties": { "segment_id": "YE_MAIN_NB_115", "source_edge_id": "12008956690_11885764178_0", "direction": "NB", "is_mainline": true, "is_ramp": false, "is_interchange_related": false, "interchange_name": null, "chainage_start_km": 106.447, "chainage_end_km": 107.287, "length_m": 840.07559793100904, "road_class": "motorway", "name": "Yamuna Expressway", "lanes": 3.0, "maxspeed": 100.0, "start_node": "sub_12008956690_11885764178_2", "end_node": "11885764178", "subsegment_index": 2, "total_subsegments": 3 }, "geometry": { "type": "LineString", "coordinates": [ [ 77.677816817106773, 27.875542638594439 ], [ 77.677758400000016, 27.8755659 ], [ 77.6760346, 27.876248 ], [ 77.6753311, 27.8765265 ], [ 77.67394160000002, 27.8770763 ], [ 77.6725847, 27.8776563 ], [ 77.671183, 27.878298 ], [ 77.670151700000019, 27.8788474 ] ] } },
{ "type": "Feature", "properties": { "segment_id": "YE_MAIN_NB_116", "source_edge_id": "11885764178_11885733468_0", "direction": "NB", "is_mainline": true, "is_ramp": false, "is_interchange_related": false, "interchange_name": null, "chainage_start_km": 107.287, "chainage_end_km": 108.324, "length_m": 1036.9053245412535, "road_class": "motorway", "name": "Yamuna Expressway", "lanes": 3.0, "maxspeed": 100.0, "start_node": "11885764178", "end_node": "11885733468", "subsegment_index": 0, "total_subsegments": 1 }, "geometry": { "type": "LineString", "coordinates": [ [ 77.670151700000019, 27.8788474 ], [ 77.6695245, 27.8791816 ], [ 77.6680447, 27.8801046 ], [ 77.6667686, 27.8810169 ], [ 77.66595550000001, 27.8816375 ], [ 77.6656083, 27.8819025 ], [ 77.6651743, 27.8822336 ], [ 77.6639709, 27.8833097 ], [ 77.6627089, 27.8845535 ], [ 77.6623143, 27.8850178 ] ] } },
{ "type": "Feature", "properties": { "segment_id": "YE_MAIN_NB_117", "source_edge_id": "11885733468_11939284538_0", "direction": "NB", "is_mainline": true, "is_ramp": false, "is_interchange_related": false, "interchange_name": null, "chainage_start_km": 108.324, "chainage_end_km": 109.358, "length_m": 1034.8810119611437, "road_class": "motorway", "name": "Yamuna Expressway", "lanes": 3.0, "maxspeed": 100.0, "start_node": "11885733468", "end_node": "11939284538", "subsegment_index": 0, "total_subsegments": 1 }, "geometry": { "type": "LineString", "coordinates": [ [ 77.6623143, 27.8850178 ], [ 77.6618741, 27.8855357 ], [ 77.6610548, 27.8865742 ], [ 77.6607206, 27.886998 ], [ 77.66045290000001, 27.8873373 ], [ 77.6590178, 27.8894324 ], [ 77.6576943, 27.8912956 ], [ 77.6565046, 27.8927888 ] ] } },
{ "type": "Feature", "properties": { "segment_id": "YE_MAIN_NB_118", "source_edge_id": "11939284538_2044428085_0", "direction": "NB", "is_mainline": true, "is_ramp": false, "is_interchange_related": false, "interchange_name": null, "chainage_start_km": 109.358, "chainage_end_km": 110.399, "length_m": 1040.7434237777611, "road_class": "motorway", "name": "Yamuna Expressway", "lanes": 3.0, "maxspeed": 100.0, "start_node": "11939284538", "end_node": "sub_11939284538_2044428085_1", "subsegment_index": 0, "total_subsegments": 5 }, "geometry": { "type": "LineString", "coordinates": [ [ 77.6565046, 27.8927888 ], [ 77.6559215, 27.8934845 ], [ 77.6547908, 27.8949088 ], [ 77.6539855, 27.8960921 ], [ 77.653842400000016, 27.8963024 ], [ 77.6532189, 27.8972186 ], [ 77.6525445, 27.8984312 ], [ 77.6515728, 27.9002844 ], [ 77.651225633741291, 27.900891390139932 ] ] } },
{ "type": "Feature", "properties": { "segment_id": "YE_MAIN_NB_119", "source_edge_id": "11939284538_2044428085_0", "direction": "NB", "is_mainline": true, "is_ramp": false, "is_interchange_related": false, "interchange_name": null, "chainage_start_km": 110.399, "chainage_end_km": 111.44, "length_m": 1040.7434237778536, "road_class": "motorway", "name": "Yamuna Expressway", "lanes": 3.0, "maxspeed": 100.0, "start_node": "sub_11939284538_2044428085_1", "end_node": "sub_11939284538_2044428085_2", "subsegment_index": 1, "total_subsegments": 5 }, "geometry": { "type": "LineString", "coordinates": [ [ 77.651225633741291, 27.900891390139932 ], [ 77.6506682, 27.901866 ], [ 77.6488143, 27.9046173 ], [ 77.6483833, 27.9052598 ], [ 77.648121, 27.9056509 ], [ 77.6473596, 27.9067861 ], [ 77.645879219174503, 27.908985885868841 ] ] } },
{ "type": "Feature", "properties": { "segment_id": "YE_MAIN_NB_120", "source_edge_id": "11939284538_2044428085_0", "direction": "NB", "is_mainline": true, "is_ramp": false, "is_interchange_related": false, "interchange_name": null, "chainage_start_km": 111.44, "chainage_end_km": 112.481, "length_m": 1040.74342377786, "road_class": "motorway", "name": "Yamuna Expressway", "lanes": 3.0, "maxspeed": 100.0, "start_node": "sub_11939284538_2044428085_2", "end_node": "sub_11939284538_2044428085_3", "subsegment_index": 2, "total_subsegments": 5 }, "geometry": { "type": "LineString", "coordinates": [ [ 77.645879219174503, 27.908985885868841 ], [ 77.645729, 27.9092091 ], [ 77.6442855, 27.9113458 ], [ 77.6428392, 27.9135022 ], [ 77.6413287, 27.9157893 ], [ 77.6405524, 27.9169223 ], [ 77.640466229770922, 27.917048106121698 ] ] } },
{ "type": "Feature", "properties": { "segment_id": "YE_MAIN_NB_121", "source_edge_id": "11939284538_2044428085_0", "direction": "NB", "is_mainline": true, "is_ramp": false, "is_interchange_related": false, "interchange_name": null, "chainage_start_km": 112.481, "chainage_end_km": 113.521, "length_m": 1040.7434237777554, "road_class": "motorway", "name": "Yamuna Expressway", "lanes": 3.0, "maxspeed": 100.0, "start_node": "sub_11939284538_2044428085_3", "end_node": "sub_11939284538_2044428085_4", "subsegment_index": 3, "total_subsegments": 5 }, "geometry": { "type": "LineString", "coordinates": [ [ 77.640466229770922, 27.917048106121698 ], [ 77.640415, 27.9171229 ], [ 77.6400136, 27.9177088 ], [ 77.6388214, 27.91949 ], [ 77.637308, 27.9217055 ], [ 77.635993, 27.9236939 ], [ 77.635035101989985, 27.925100899545292 ] ] } },
{ "type": "Feature", "properties": { "segment_id": "YE_MAIN_NB_122", "source_edge_id": "11939284538_2044428085_0", "direction": "NB", "is_mainline": true, "is_ramp": false, "is_interchange_related": false, "interchange_name": null, "chainage_start_km": 113.521, "chainage_end_km": 114.562, "length_m": 1040.7434237779528, "road_class": "motorway", "name": "Yamuna Expressway", "lanes": 3.0, "maxspeed": 100.0, "start_node": "sub_11939284538_2044428085_4", "end_node": "2044428085", "subsegment_index": 4, "total_subsegments": 5 }, "geometry": { "type": "LineString", "coordinates": [ [ 77.635035101989985, 27.925100899545292 ], [ 77.6346695, 27.9256379 ], [ 77.6343875, 27.9260599 ], [ 77.6342615, 27.9262486 ], [ 77.6338486, 27.9268665 ], [ 77.6333852, 27.9275375 ], [ 77.6328937, 27.928169 ], [ 77.6322851, 27.9289436 ], [ 77.6310984, 27.9302905 ], [ 77.6306408, 27.9308812 ], [ 77.6304969, 27.9310669 ], [ 77.6301352, 27.9315338 ], [ 77.6296354, 27.9321752 ], [ 77.6291716, 27.9328984 ] ] } },
{ "type": "Feature", "properties": { "segment_id": "YE_MAIN_NB_123", "source_edge_id": "2044428085_11885708835_0", "direction": "NB", "is_mainline": true, "is_ramp": false, "is_interchange_related": false, "interchange_name": null, "chainage_start_km": 114.562, "chainage_end_km": 115.539, "length_m": 977.33622144379729, "road_class": "motorway", "name": "Yamuna Expressway", "lanes": 3.0, "maxspeed": 100.0, "start_node": "2044428085", "end_node": "sub_2044428085_11885708835_1", "subsegment_index": 0, "total_subsegments": 5 }, "geometry": { "type": "LineString", "coordinates": [ [ 77.6291716, 27.9328984 ], [ 77.6287531, 27.9335122 ], [ 77.6282002, 27.9344668 ], [ 77.6278568, 27.9351255 ], [ 77.6277169, 27.9354466 ], [ 77.6276155, 27.9356795 ], [ 77.6269243, 27.9372666 ], [ 77.6264301, 27.9383791 ], [ 77.6260336, 27.9392103 ], [ 77.6257711, 27.9396864 ], [ 77.6255422, 27.9400835 ], [ 77.625071932107218, 27.940912218977846 ] ] } },
{ "type": "Feature", "properties": { "segment_id": "YE_MAIN_NB_124", "source_edge_id": "2044428085_11885708835_0", "direction": "NB", "is_mainline": true, "is_ramp": false, "is_interchange_related": false, "interchange_name": null, "chainage_start_km": 115.539, "chainage_end_km": 116.517, "length_m": 977.33622144378739, "road_class": "motorway", "name": "Yamuna Expressway", "lanes": 3.0, "maxspeed": 100.0, "start_node": "sub_2044428085_11885708835_1", "end_node": "sub_2044428085_11885708835_2", "subsegment_index": 1, "total_subsegments": 5 }, "geometry": { "type": "LineString", "coordinates": [ [ 77.625071932107218, 27.940912218977846 ], [ 77.6249921, 27.9410529 ], [ 77.6245091, 27.9417682 ], [ 77.623448100000019, 27.9432654 ], [ 77.6219599, 27.9453176 ], [ 77.6200166, 27.9479493 ], [ 77.61973166017431, 27.948341743792376 ] ] } },
{ "type": "Feature", "properties": { "segment_id": "YE_MAIN_NB_125", "source_edge_id": "2044428085_11885708835_0", "direction": "NB", "is_mainline": true, "is_ramp": false, "is_interchange_related": false, "interchange_name": null, "chainage_start_km": 116.517, "chainage_end_km": 117.494, "length_m": 977.33622144377478, "road_class": "motorway", "name": "Yamuna Expressway", "lanes": 3.0, "maxspeed": 100.0, "start_node": "sub_2044428085_11885708835_2", "end_node": "sub_2044428085_11885708835_3", "subsegment_index": 2, "total_subsegments": 5 }, "geometry": { "type": "LineString", "coordinates": [ [ 77.61973166017431, 27.948341743792376 ], [ 77.619082, 27.9492365 ], [ 77.618821, 27.9495959 ], [ 77.617389300000013, 27.9515676 ], [ 77.6159681, 27.9535209 ], [ 77.6148485, 27.955087 ], [ 77.614432308759078, 27.955792822008661 ] ] } },
{ "type": "Feature", "properties": { "segment_id": "YE_MAIN_NB_126", "source_edge_id": "2044428085_11885708835_0", "direction": "NB", "is_mainline": true, "is_ramp": false, "is_interchange_related": false, "interchange_name": null, "chainage_start_km": 117.494, "chainage_end_km": 118.471, "length_m": 977.3362214436554, "road_class": "motorway", "name": "Yamuna Expressway", "lanes": 3.0, "maxspeed": 100.0, "start_node": "sub_2044428085_11885708835_3", "end_node": "sub_2044428085_11885708835_4", "subsegment_index": 3, "total_subsegments": 5 }, "geometry": { "type": "LineString", "coordinates": [ [ 77.614432308759078, 27.955792822008661 ], [ 77.6137032, 27.9570293 ], [ 77.613592, 27.9572179 ], [ 77.6132095, 27.957940499999989 ], [ 77.6128437, 27.95871 ], [ 77.6125226, 27.9594646 ], [ 77.6121569, 27.9604042 ], [ 77.6116515, 27.9618741 ], [ 77.6114421, 27.9626386 ], [ 77.6112411, 27.9634277 ], [ 77.611100637424755, 27.964055233701959 ] ] } },
{ "type": "Feature", "properties": { "segment_id": "YE_MAIN_NB_127", "source_edge_id": "2044428085_11885708835_0", "direction": "NB", "is_mainline": true, "is_ramp": false, "is_interchange_related": false, "interchange_name": null, "chainage_start_km": 118.471, "chainage_end_km": 119.449, "length_m": 977.33622144402466, "road_class": "motorway", "name": "Yamuna Expressway", "lanes": 3.0, "maxspeed": 100.0, "start_node": "sub_2044428085_11885708835_4", "end_node": "11885708835", "subsegment_index": 4, "total_subsegments": 5 }, "geometry": { "type": "LineString", "coordinates": [ [ 77.611100637424755, 27.964055233701959 ], [ 77.6110512, 27.9642761 ], [ 77.6109032, 27.9650702 ], [ 77.6108468, 27.9654489 ], [ 77.6108165, 27.9656528 ], [ 77.6107692, 27.9659703 ], [ 77.6107497, 27.9662391 ], [ 77.6106631, 27.9671268 ], [ 77.6104933, 27.9698314 ], [ 77.6104816, 27.970017 ], [ 77.6103025, 27.972835 ] ] } },
{ "type": "Feature", "properties": { "segment_id": "YE_MAIN_NB_128", "source_edge_id": "11885708835_3816367229_0", "direction": "NB", "is_mainline": true, "is_ramp": false, "is_interchange_related": false, "interchange_name": null, "chainage_start_km": 119.449, "chainage_end_km": 120.432, "length_m": 982.76257826500955, "road_class": "motorway", "name": "Yamuna Expressway", "lanes": 3.0, "maxspeed": 100.0, "start_node": "11885708835", "end_node": "sub_11885708835_3816367229_1", "subsegment_index": 0, "total_subsegments": 7 }, "geometry": { "type": "LineString", "coordinates": [ [ 77.6103025, 27.972835 ], [ 77.610289, 27.9730476 ], [ 77.6100628, 27.9766699 ], [ 77.6099829, 27.9778833 ], [ 77.6099468, 27.978431 ], [ 77.6099037, 27.9790864 ], [ 77.609734084615113, 27.981685121746981 ] ] } },
{ "type": "Feature", "properties": { "segment_id": "YE_MAIN_NB_129", "source_edge_id": "11885708835_3816367229_0", "direction": "NB", "is_mainline": true, "is_ramp": false, "is_interchange_related": false, "interchange_name": null, "chainage_start_km": 120.432, "chainage_end_km": 121.414, "length_m": 982.76257826548965, "road_class": "motorway", "name": "Yamuna Expressway", "lanes": 3.0, "maxspeed": 100.0, "start_node": "sub_11885708835_3816367229_1", "end_node": "sub_11885708835_3816367229_2", "subsegment_index": 1, "total_subsegments": 7 }, "geometry": { "type": "LineString", "coordinates": [ [ 77.609734084615113, 27.981685121746981 ], [ 77.6096998, 27.9822104 ], [ 77.6095908, 27.98336 ], [ 77.6095729, 27.9835486 ], [ 77.6095602, 27.9836824 ], [ 77.609309, 27.9852555 ], [ 77.6091805, 27.9858818 ], [ 77.6088818, 27.9871614 ], [ 77.608465700000011, 27.988589 ], [ 77.60783478031702, 27.990356712939786 ] ] } },
{ "type": "Feature", "properties": { "segment_id": "YE_MAIN_NB_130", "source_edge_id": "11885708835_3816367229_0", "direction": "NB", "is_mainline": true, "is_ramp": false, "is_interchange_related": false, "interchange_name": null, "chainage_start_km": 121.414, "chainage_end_km": 122.397, "length_m": 982.76257826492838, "road_class": "motorway", "name": "Yamuna Expressway", "lanes": 3.0, "maxspeed": 100.0, "start_node": "sub_11885708835_3816367229_2", "end_node": "sub_11885708835_3816367229_3", "subsegment_index": 2, "total_subsegments": 7 }, "geometry": { "type": "LineString", "coordinates": [ [ 77.60783478031702, 27.990356712939786 ], [ 77.6077538, 27.9905836 ], [ 77.6070961, 27.9920891 ], [ 77.6066811, 27.9929204 ], [ 77.6065241, 27.9932351 ], [ 77.6064008, 27.993482 ], [ 77.6057475, 27.9946457 ], [ 77.6054661, 27.9951046 ], [ 77.6052365, 27.995479 ], [ 77.6045999, 27.9964553 ], [ 77.6037484, 27.9976485 ], [ 77.603289859657934, 27.998216627997714 ] ] } },
{ "type": "Feature", "properties": { "segment_id": "YE_MAIN_NB_131", "source_edge_id": "11885708835_3816367229_0", "direction": "NB", "is_mainline": true, "is_ramp": false, "is_interchange_related": false, "interchange_name": null, "chainage_start_km": 122.397, "chainage_end_km": 123.38, "length_m": 982.7625782650141, "road_class": "motorway", "name": "Yamuna Expressway", "lanes": 3.0, "maxspeed": 100.0, "start_node": "sub_11885708835_3816367229_3", "end_node": "sub_11885708835_3816367229_4", "subsegment_index": 3, "total_subsegments": 7 }, "geometry": { "type": "LineString", "coordinates": [ [ 77.603289859657934, 27.998216627997714 ], [ 77.6022043, 27.9995616 ], [ 77.6012131, 28.0007227 ], [ 77.6006408, 28.0014944 ], [ 77.5998255, 28.0026629 ], [ 77.5993396, 28.0034567 ], [ 77.5986584, 28.0046178 ], [ 77.5981614, 28.0055644 ], [ 77.598075222789362, 28.005747215832585 ] ] } },
{ "type": "Feature", "properties": { "segment_id": "YE_MAIN_NB_132", "source_edge_id": "11885708835_3816367229_0", "direction": "NB", "is_mainline": true, "is_ramp": false, "is_interchange_related": false, "interchange_name": null, "chainage_start_km": 123.38, "chainage_end_km": 124.363, "length_m": 982.76257826533526, "road_class": "motorway", "name": "Yamuna Expressway", "lanes": 3.0, "maxspeed": 100.0, "start_node": "sub_11885708835_3816367229_4", "end_node": "sub_11885708835_3816367229_5", "subsegment_index": 4, "total_subsegments": 7 }, "geometry": { "type": "LineString", "coordinates": [ [ 77.598075222789362, 28.005747215832585 ], [ 77.5975583, 28.0068438 ], [ 77.5971311, 28.0079482 ], [ 77.596824, 28.0087986 ], [ 77.5966574, 28.0093337 ], [ 77.5965736, 28.0096031 ], [ 77.5960896, 28.0111577 ], [ 77.5953358, 28.0135216 ], [ 77.595121081928127, 28.014206536468031 ] ] } },
{ "type": "Feature", "properties": { "segment_id": "YE_MAIN_NB_133", "source_edge_id": "11885708835_3816367229_0", "direction": "NB", "is_mainline": true, "is_ramp": false, "is_interchange_related": false, "interchange_name": null, "chainage_start_km": 124.363, "chainage_end_km": 125.345, "length_m": 982.76257826519145, "road_class": "motorway", "name": "Yamuna Expressway", "lanes": 3.0, "maxspeed": 100.0, "start_node": "sub_11885708835_3816367229_5", "end_node": "sub_11885708835_3816367229_6", "subsegment_index": 5, "total_subsegments": 7 }, "geometry": { "type": "LineString", "coordinates": [ [ 77.595121081928127, 28.014206536468031 ], [ 77.5945606, 28.0159944 ], [ 77.5944479, 28.0163538 ], [ 77.5941603, 28.017357 ], [ 77.594004, 28.0180718 ], [ 77.5937638, 28.019319 ], [ 77.5936186, 28.0202803 ], [ 77.5935042, 28.0214535 ], [ 77.5934175, 28.0225429 ], [ 77.593424661437567, 28.022910395306745 ] ] } },
{ "type": "Feature", "properties": { "segment_id": "YE_MAIN_NB_134", "source_edge_id": "11885708835_3816367229_0", "direction": "NB", "is_mainline": true, "is_ramp": false, "is_interchange_related": false, "interchange_name": null, "chainage_start_km": 125.345, "chainage_end_km": 126.328, "length_m": 982.76257826515609, "road_class": "motorway", "name": "Yamuna Expressway", "lanes": 3.0, "maxspeed": 100.0, "start_node": "sub_11885708835_3816367229_6", "end_node": "3816367229", "subsegment_index": 6, "total_subsegments": 7 }, "geometry": { "type": "LineString", "coordinates": [ [ 77.593424661437567, 28.022910395306745 ], [ 77.5934827, 28.0258884 ], [ 77.5934838, 28.026044 ], [ 77.59352, 28.0311623 ], [ 77.5935591, 28.0317734 ] ] } },
{ "type": "Feature", "properties": { "segment_id": "YE_MAIN_NB_135", "source_edge_id": "3816367229_3816367299_0", "direction": "NB", "is_mainline": true, "is_ramp": false, "is_interchange_related": false, "interchange_name": null, "chainage_start_km": 126.328, "chainage_end_km": 127.498, "length_m": 1170.2091457938386, "road_class": "motorway", "name": "Yamuna Expressway", "lanes": 3.0, "maxspeed": 100.0, "start_node": "3816367229", "end_node": "3816367299", "subsegment_index": 0, "total_subsegments": 1 }, "geometry": { "type": "LineString", "coordinates": [ [ 77.5935591, 28.0317734 ], [ 77.5935801, 28.0345643 ], [ 77.5934634, 28.0358461 ], [ 77.5931811, 28.0378338 ], [ 77.5926176, 28.0400602 ], [ 77.5918581, 28.0421472 ] ] } },
{ "type": "Feature", "properties": { "segment_id": "YE_MAIN_NB_136", "source_edge_id": "3816367299_13957507399_0", "direction": "NB", "is_mainline": true, "is_ramp": false, "is_interchange_related": false, "interchange_name": null, "chainage_start_km": 127.498, "chainage_end_km": 128.73, "length_m": 1231.2941572951831, "road_class": "motorway", "name": "Yamuna Expressway", "lanes": 3.0, "maxspeed": 100.0, "start_node": "3816367299", "end_node": "sub_3816367299_13957507399_1", "subsegment_index": 0, "total_subsegments": 2 }, "geometry": { "type": "LineString", "coordinates": [ [ 77.5918581, 28.0421472 ], [ 77.591747, 28.0424114 ], [ 77.5904302, 28.0451766 ], [ 77.5888273, 28.0478337 ], [ 77.585624017699772, 28.051712817230033 ] ] } },
{ "type": "Feature", "properties": { "segment_id": "YE_MAIN_NB_137", "source_edge_id": "3816367299_13957507399_0", "direction": "NB", "is_mainline": true, "is_ramp": false, "is_interchange_related": false, "interchange_name": null, "chainage_start_km": 128.73, "chainage_end_km": 129.961, "length_m": 1231.2941572951479, "road_class": "motorway", "name": "Yamuna Expressway", "lanes": 3.0, "maxspeed": 100.0, "start_node": "sub_3816367299_13957507399_1", "end_node": "13957507399", "subsegment_index": 1, "total_subsegments": 2 }, "geometry": { "type": "LineString", "coordinates": [ [ 77.585624017699772, 28.051712817230033 ], [ 77.5848618, 28.0526358 ], [ 77.5845963, 28.0529554 ], [ 77.5781774, 28.0606409 ] ] } },
{ "type": "Feature", "properties": { "segment_id": "YE_MAIN_NB_138", "source_edge_id": "13957507399_13957508678_0", "direction": "NB", "is_mainline": true, "is_ramp": false, "is_interchange_related": false, "interchange_name": null, "chainage_start_km": 129.961, "chainage_end_km": 130.947, "length_m": 986.43539267705637, "road_class": "motorway", "name": "Yamuna Expressway", "lanes": 3.0, "maxspeed": 100.0, "start_node": "13957507399", "end_node": "sub_13957507399_13957508678_1", "subsegment_index": 0, "total_subsegments": 6 }, "geometry": { "type": "LineString", "coordinates": [ [ 77.5781774, 28.0606409 ], [ 77.5764251, 28.0628571 ], [ 77.573017244616366, 28.068259627465938 ] ] } },
{ "type": "Feature", "properties": { "segment_id": "YE_MAIN_NB_139", "source_edge_id": "13957507399_13957508678_0", "direction": "NB", "is_mainline": true, "is_ramp": false, "is_interchange_related": false, "interchange_name": null, "chainage_start_km": 130.947, "chainage_end_km": 131.934, "length_m": 986.43539267681672, "road_class": "motorway", "name": "Yamuna Expressway", "lanes": 3.0, "maxspeed": 100.0, "start_node": "sub_13957507399_13957508678_1", "end_node": "sub_13957507399_13957508678_2", "subsegment_index": 1, "total_subsegments": 6 }, "geometry": { "type": "LineString", "coordinates": [ [ 77.573017244616366, 28.068259627465938 ], [ 77.5729591, 28.0683518 ], [ 77.5713097, 28.0726855 ], [ 77.5702548, 28.0765476 ], [ 77.570216593605437, 28.076789539881403 ] ] } },
{ "type": "Feature", "properties": { "segment_id": "YE_MAIN_NB_140", "source_edge_id": "13957507399_13957508678_0", "direction": "NB", "is_mainline": true, "is_ramp": false, "is_interchange_related": false, "interchange_name": null, "chainage_start_km": 131.934, "chainage_end_km": 132.92, "length_m": 986.43539267704239, "road_class": "motorway", "name": "Yamuna Expressway", "lanes": 3.0, "maxspeed": 100.0, "start_node": "sub_13957507399_13957508678_2", "end_node": "sub_13957507399_13957508678_3", "subsegment_index": 2, "total_subsegments": 6 }, "geometry": { "type": "LineString", "coordinates": [ [ 77.570216593605437, 28.076789539881403 ], [ 77.5699437, 28.0785176 ], [ 77.5699193, 28.0786715 ], [ 77.569811, 28.0797314 ], [ 77.569713, 28.0806997 ], [ 77.5696432, 28.0821603 ], [ 77.5696314, 28.0831547 ], [ 77.5696443, 28.0839683 ], [ 77.56984984212157, 28.085649352908391 ] ] } },
{ "type": "Feature", "properties": { "segment_id": "YE_MAIN_NB_141", "source_edge_id": "13957507399_13957508678_0", "direction": "NB", "is_mainline": true, "is_ramp": false, "is_interchange_related": false, "interchange_name": null, "chainage_start_km": 132.92, "chainage_end_km": 133.907, "length_m": 986.43539267693075, "road_class": "motorway", "name": "Yamuna Expressway", "lanes": 3.0, "maxspeed": 100.0, "start_node": "sub_13957507399_13957508678_3", "end_node": "sub_13957507399_13957508678_4", "subsegment_index": 3, "total_subsegments": 6 }, "geometry": { "type": "LineString", "coordinates": [ [ 77.56984984212157, 28.085649352908391 ], [ 77.5702703, 28.0890879 ], [ 77.571272389648513, 28.094453822347251 ] ] } },
{ "type": "Feature", "properties": { "segment_id": "YE_MAIN_NB_142", "source_edge_id": "13957507399_13957508678_0", "direction": "NB", "is_mainline": true, "is_ramp": false, "is_interchange_related": false, "interchange_name": null, "chainage_start_km": 133.907, "chainage_end_km": 134.893, "length_m": 986.43539267673202, "road_class": "motorway", "name": "Yamuna Expressway", "lanes": 3.0, "maxspeed": 100.0, "start_node": "sub_13957507399_13957508678_4", "end_node": "sub_13957507399_13957508678_5", "subsegment_index": 4, "total_subsegments": 6 }, "geometry": { "type": "LineString", "coordinates": [ [ 77.571272389648513, 28.094453822347251 ], [ 77.5712877, 28.0945358 ], [ 77.571638900000011, 28.0963999 ], [ 77.5716999, 28.096730799999989 ], [ 77.5717181, 28.0968292 ], [ 77.572608200000019, 28.1016557 ], [ 77.57290645510993, 28.103232725160893 ] ] } },
{ "type": "Feature", "properties": { "segment_id": "YE_MAIN_NB_143", "source_edge_id": "13957507399_13957508678_0", "direction": "NB", "is_mainline": true, "is_ramp": false, "is_interchange_related": false, "interchange_name": null, "chainage_start_km": 134.893, "chainage_end_km": 135.88, "length_m": 986.435392677138, "road_class": "motorway", "name": "Yamuna Expressway", "lanes": 3.0, "maxspeed": 100.0, "start_node": "sub_13957507399_13957508678_5", "end_node": "13957508678", "subsegment_index": 5, "total_subsegments": 6 }, "geometry": { "type": "LineString", "coordinates": [ [ 77.57290645510993, 28.103232725160893 ], [ 77.572963, 28.1035317 ], [ 77.573001600000012, 28.1037356 ], [ 77.5731586, 28.1045699 ], [ 77.5731779, 28.1046681 ], [ 77.5736269, 28.1070418 ], [ 77.5740511, 28.1093937 ], [ 77.5742646, 28.1109898 ], [ 77.5743529, 28.1120332 ] ] } },
{ "type": "Feature", "properties": { "segment_id": "YE_MAIN_NB_144", "source_edge_id": "13957508678_13957508672_0", "direction": "NB", "is_mainline": true, "is_ramp": false, "is_interchange_related": false, "interchange_name": null, "chainage_start_km": 135.88, "chainage_end_km": 136.382, "length_m": 502.09355281030315, "road_class": "motorway", "name": "Yamuna Expressway", "lanes": 3.0, "maxspeed": 100.0, "start_node": "13957508678", "end_node": "13957508672", "subsegment_index": 0, "total_subsegments": 1 }, "geometry": { "type": "LineString", "coordinates": [ [ 77.5743529, 28.1120332 ], [ 77.5744126, 28.1124586 ], [ 77.5744337, 28.1126108 ], [ 77.5747163, 28.1146977 ], [ 77.5751613, 28.1165 ] ] } },
{ "type": "Feature", "properties": { "segment_id": "YE_MAIN_NB_145", "source_edge_id": "13957508672_10923808083_0", "direction": "NB", "is_mainline": true, "is_ramp": false, "is_interchange_related": false, "interchange_name": null, "chainage_start_km": 136.382, "chainage_end_km": 137.297, "length_m": 915.62269090251459, "road_class": "motorway", "name": "Yamuna Expressway", "lanes": 3.0, "maxspeed": 100.0, "start_node": "13957508672", "end_node": "sub_13957508672_10923808083_1", "subsegment_index": 0, "total_subsegments": 2 }, "geometry": { "type": "LineString", "coordinates": [ [ 77.5751613, 28.1165 ], [ 77.575210200000015, 28.1166878 ], [ 77.5754405, 28.1174943 ], [ 77.575566, 28.1179408 ], [ 77.5757177, 28.1192517 ], [ 77.5757314, 28.1195424 ], [ 77.5757388, 28.1196985 ], [ 77.5757369, 28.1198543 ], [ 77.5757773, 28.1207093 ], [ 77.5757686, 28.121146 ], [ 77.575741, 28.1220781 ], [ 77.575688, 28.1226471 ], [ 77.5755351, 28.1239499 ], [ 77.5755139, 28.1240921 ], [ 77.575423235293911, 28.124690885167642 ] ] } },
{ "type": "Feature", "properties": { "segment_id": "YE_MAIN_NB_146", "source_edge_id": "13957508672_10923808083_0", "direction": "NB", "is_mainline": true, "is_ramp": false, "is_interchange_related": false, "interchange_name": null, "chainage_start_km": 137.297, "chainage_end_km": 138.213, "length_m": 915.62269090286918, "road_class": "motorway", "name": "Yamuna Expressway", "lanes": 3.0, "maxspeed": 100.0, "start_node": "sub_13957508672_10923808083_1", "end_node": "10923808083", "subsegment_index": 1, "total_subsegments": 2 }, "geometry": { "type": "LineString", "coordinates": [ [ 77.575423235293911, 28.124690885167642 ], [ 77.5753491, 28.1251805 ], [ 77.5751028, 28.1266767 ], [ 77.5750336, 28.1270974 ], [ 77.5746912, 28.1291773 ], [ 77.5741077, 28.132867 ] ] } },
{ "type": "Feature", "properties": { "segment_id": "YE_MAIN_NB_147", "source_edge_id": "10923808083_3758249716_0", "direction": "NB", "is_mainline": true, "is_ramp": false, "is_interchange_related": false, "interchange_name": null, "chainage_start_km": 138.213, "chainage_end_km": 139.032, "length_m": 819.22314584698745, "road_class": "motorway", "name": "Yamuna Expressway", "lanes": 3.0, "maxspeed": 100.0, "start_node": "10923808083", "end_node": "sub_10923808083_3758249716_1", "subsegment_index": 0, "total_subsegments": 2 }, "geometry": { "type": "LineString", "coordinates": [ [ 77.5741077, 28.132867 ], [ 77.5736019, 28.1360652 ], [ 77.5734016, 28.1374918 ], [ 77.5730804, 28.139779 ], [ 77.573022258954907, 28.140193263123955 ] ] } },
{ "type": "Feature", "properties": { "segment_id": "YE_MAIN_NB_148", "source_edge_id": "10923808083_3758249716_0", "direction": "NB", "is_mainline": true, "is_ramp": false, "is_interchange_related": false, "interchange_name": null, "chainage_start_km": 139.032, "chainage_end_km": 139.851, "length_m": 819.22314584657056, "road_class": "motorway", "name": "Yamuna Expressway", "lanes": 3.0, "maxspeed": 100.0, "start_node": "sub_10923808083_3758249716_1", "end_node": "3758249716", "subsegment_index": 1, "total_subsegments": 2 }, "geometry": { "type": "LineString", "coordinates": [ [ 77.573022258954907, 28.140193263123955 ], [ 77.5729821, 28.1404794 ], [ 77.5721963, 28.1465441 ], [ 77.5720625, 28.1475335 ] ] } },
{ "type": "Feature", "properties": { "segment_id": "YE_MAIN_NB_149", "source_edge_id": "3758249716_13138278703_0", "direction": "NB", "is_mainline": true, "is_ramp": false, "is_interchange_related": false, "interchange_name": null, "chainage_start_km": 139.851, "chainage_end_km": 140.972, "length_m": 1120.3057204036588, "road_class": "motorway", "name": "Yamuna Expressway", "lanes": 3.0, "maxspeed": 100.0, "start_node": "3758249716", "end_node": "sub_3758249716_13138278703_1", "subsegment_index": 0, "total_subsegments": 2 }, "geometry": { "type": "LineString", "coordinates": [ [ 77.5720625, 28.1475335 ], [ 77.5719676, 28.1482355 ], [ 77.5716286, 28.1507427 ], [ 77.5713575, 28.1527543 ], [ 77.571243, 28.153459 ], [ 77.5709126, 28.1550915 ], [ 77.5708665, 28.1553195 ], [ 77.570419279165108, 28.157529165235395 ] ] } },
{ "type": "Feature", "properties": { "segment_id": "YE_MAIN_NB_150", "source_edge_id": "3758249716_13138278703_0", "direction": "NB", "is_mainline": true, "is_ramp": false, "is_interchange_related": false, "interchange_name": null, "chainage_start_km": 140.972, "chainage_end_km": 142.092, "length_m": 1120.3057204038241, "road_class": "motorway", "name": "Yamuna Expressway", "lanes": 3.0, "maxspeed": 100.0, "start_node": "sub_3758249716_13138278703_1", "end_node": "13138278703", "subsegment_index": 1, "total_subsegments": 2 }, "geometry": { "type": "LineString", "coordinates": [ [ 77.570419279165108, 28.157529165235395 ], [ 77.56967, 28.1612311 ], [ 77.5693192, 28.1629815 ], [ 77.5692287, 28.1634331 ], [ 77.5691908, 28.1636222 ], [ 77.5686924, 28.165985 ], [ 77.5684974, 28.1668573 ], [ 77.5683737, 28.1674702 ] ] } },
{ "type": "Feature", "properties": { "segment_id": "YE_MAIN_NB_151", "source_edge_id": "13138278703_13138278627_0", "direction": "NB", "is_mainline": true, "is_ramp": false, "is_interchange_related": false, "interchange_name": null, "chainage_start_km": 142.092, "chainage_end_km": 142.509, "length_m": 416.76521995593635, "road_class": "motorway", "name": "Yamuna Expressway", "lanes": 3.0, "maxspeed": 100.0, "start_node": "13138278703", "end_node": "13138278627", "subsegment_index": 0, "total_subsegments": 1 }, "geometry": { "type": "LineString", "coordinates": [ [ 77.5683737, 28.1674702 ], [ 77.5680378, 28.1691336 ], [ 77.5677707, 28.1703365 ], [ 77.5676019, 28.171007 ], [ 77.5675916, 28.1710429 ], [ 77.5675583, 28.1711586 ] ] } },
{ "type": "Feature", "properties": { "segment_id": "YE_MAIN_NB_152", "source_edge_id": "13138278627_13138278628_0", "direction": "NB", "is_mainline": true, "is_ramp": false, "is_interchange_related": false, "interchange_name": null, "chainage_start_km": 142.509, "chainage_end_km": 142.543, "length_m": 34.146357910837629, "road_class": "motorway", "name": "Yamuna Expressway", "lanes": 3.0, "maxspeed": 100.0, "start_node": "13138278627", "end_node": "13138278628", "subsegment_index": 0, "total_subsegments": 1 }, "geometry": { "type": "LineString", "coordinates": [ [ 77.5675583, 28.1711586 ], [ 77.5674722, 28.171457 ] ] } },
{ "type": "Feature", "properties": { "segment_id": "YE_MAIN_NB_153", "source_edge_id": "13138278628_13138278702_0", "direction": "NB", "is_mainline": true, "is_ramp": false, "is_interchange_related": false, "interchange_name": null, "chainage_start_km": 142.543, "chainage_end_km": 142.847, "length_m": 304.18187245639211, "road_class": "motorway", "name": "Yamuna Expressway", "lanes": 3.0, "maxspeed": 100.0, "start_node": "13138278628", "end_node": "13138278702", "subsegment_index": 0, "total_subsegments": 1 }, "geometry": { "type": "LineString", "coordinates": [ [ 77.5674722, 28.171457 ], [ 77.5674372, 28.1715784 ], [ 77.5673373, 28.171925 ], [ 77.5669889, 28.173106 ], [ 77.5667104, 28.1741163 ] ] } },
{ "type": "Feature", "properties": { "segment_id": "YE_MAIN_NB_154", "source_edge_id": "13138278702_11928259952_0", "direction": "NB", "is_mainline": true, "is_ramp": false, "is_interchange_related": false, "interchange_name": null, "chainage_start_km": 142.847, "chainage_end_km": 143.914, "length_m": 1066.7978247731965, "road_class": "motorway", "name": "Yamuna Expressway", "lanes": 3.0, "maxspeed": 100.0, "start_node": "13138278702", "end_node": "sub_13138278702_11928259952_1", "subsegment_index": 0, "total_subsegments": 2 }, "geometry": { "type": "LineString", "coordinates": [ [ 77.5667104, 28.1741163 ], [ 77.566698, 28.1741613 ], [ 77.5666546, 28.1743164 ], [ 77.5664254, 28.1752468 ], [ 77.5662176, 28.176107 ], [ 77.5660414, 28.1771384 ], [ 77.5659375, 28.1780464 ], [ 77.5658874, 28.1786268 ], [ 77.5658607, 28.1790818 ], [ 77.5658516, 28.1796194 ], [ 77.5658607, 28.1803601 ], [ 77.5659127, 28.1810582 ], [ 77.5659534, 28.1819343 ], [ 77.5660438, 28.1827626 ], [ 77.5661748, 28.1835909 ], [ 77.566189643862444, 28.183657058841682 ] ] } },
{ "type": "Feature", "properties": { "segment_id": "YE_MAIN_NB_155", "source_edge_id": "13138278702_11928259952_0", "direction": "NB", "is_mainline": true, "is_ramp": false, "is_interchange_related": false, "interchange_name": null, "chainage_start_km": 143.914, "chainage_end_km": 144.981, "length_m": 1066.7978247728879, "road_class": "motorway", "name": "Yamuna Expressway", "lanes": 3.0, "maxspeed": 100.0, "start_node": "sub_13138278702_11928259952_1", "end_node": "11928259952", "subsegment_index": 1, "total_subsegments": 2 }, "geometry": { "type": "LineString", "coordinates": [ [ 77.566189643862444, 28.183657058841682 ], [ 77.5663374, 28.1843156 ], [ 77.5664094, 28.184588 ], [ 77.5665331, 28.1850561 ], [ 77.5668931, 28.1864182 ], [ 77.5671099, 28.1872504 ], [ 77.5675211, 28.1893449 ], [ 77.5676476, 28.1902886 ], [ 77.567781, 28.1915028 ], [ 77.567838, 28.1931433 ] ] } },
{ "type": "Feature", "properties": { "segment_id": "YE_MAIN_NB_156", "source_edge_id": "11928259952_11925300732_0", "direction": "NB", "is_mainline": true, "is_ramp": false, "is_interchange_related": false, "interchange_name": null, "chainage_start_km": 144.981, "chainage_end_km": 146.06, "length_m": 1079.4581480303898, "road_class": "motorway", "name": "Yamuna Expressway", "lanes": 3.0, "maxspeed": 100.0, "start_node": "11928259952", "end_node": "sub_11928259952_11925300732_1", "subsegment_index": 0, "total_subsegments": 3 }, "geometry": { "type": "LineString", "coordinates": [ [ 77.567838, 28.1931433 ], [ 77.567839, 28.1931727 ], [ 77.5678967, 28.1948329 ], [ 77.5679729, 28.1971192 ], [ 77.5679797, 28.197322 ], [ 77.5680078, 28.1994016 ], [ 77.5680105, 28.199604 ], [ 77.5680161, 28.2004068 ], [ 77.568029291507699, 28.202877876749497 ] ] } },
{ "type": "Feature", "properties": { "segment_id": "YE_MAIN_NB_157", "source_edge_id": "11928259952_11925300732_0", "direction": "NB", "is_mainline": true, "is_ramp": false, "is_interchange_related": false, "interchange_name": null, "chainage_start_km": 146.06, "chainage_end_km": 147.14, "length_m": 1079.458148030742, "road_class": "motorway", "name": "Yamuna Expressway", "lanes": 3.0, "maxspeed": 100.0, "start_node": "sub_11928259952_11925300732_1", "end_node": "sub_11928259952_11925300732_2", "subsegment_index": 1, "total_subsegments": 3 }, "geometry": { "type": "LineString", "coordinates": [ [ 77.568029291507699, 28.202877876749497 ], [ 77.5680383, 28.2045648 ], [ 77.5680371, 28.2056601 ], [ 77.5680368, 28.2058677 ], [ 77.5680338, 28.208633 ], [ 77.568051965276055, 28.21261447949896 ] ] } },
{ "type": "Feature", "properties": { "segment_id": "YE_MAIN_NB_158", "source_edge_id": "11928259952_11925300732_0", "direction": "NB", "is_mainline": true, "is_ramp": false, "is_interchange_related": false, "interchange_name": null, "chainage_start_km": 147.14, "chainage_end_km": 148.219, "length_m": 1079.4581480306499, "road_class": "motorway", "name": "Yamuna Expressway", "lanes": 3.0, "maxspeed": 100.0, "start_node": "sub_11928259952_11925300732_2", "end_node": "11925300732", "subsegment_index": 2, "total_subsegments": 3 }, "geometry": { "type": "LineString", "coordinates": [ [ 77.568051965276055, 28.21261447949896 ], [ 77.5680559, 28.2134765 ], [ 77.5680033, 28.218845 ], [ 77.567933, 28.2213029 ], [ 77.5680231, 28.2221352 ], [ 77.568021, 28.2223463 ] ] } },
{ "type": "Feature", "properties": { "segment_id": "YE_MAIN_NB_159", "source_edge_id": "11925300732_1807923441_0", "direction": "NB", "is_mainline": true, "is_ramp": false, "is_interchange_related": false, "interchange_name": null, "chainage_start_km": 148.219, "chainage_end_km": 148.878, "length_m": 659.44165596659946, "road_class": "motorway", "name": "Yamuna Expressway", "lanes": 3.0, "maxspeed": 100.0, "start_node": "11925300732", "end_node": "1807923441", "subsegment_index": 0, "total_subsegments": 1 }, "geometry": { "type": "LineString", "coordinates": [ [ 77.568021, 28.2223463 ], [ 77.5680149, 28.2246268 ], [ 77.5680177, 28.2254984 ], [ 77.5680167, 28.2255878 ], [ 77.5680197, 28.2282944 ] ] } },
{ "type": "Feature", "properties": { "segment_id": "YE_MAIN_NB_160", "source_edge_id": "1807923441_13957484184_0", "direction": "NB", "is_mainline": true, "is_ramp": false, "is_interchange_related": false, "interchange_name": null, "chainage_start_km": 148.878, "chainage_end_km": 149.895, "length_m": 1016.9026156309251, "road_class": "motorway", "name": "Yamuna Expressway", "lanes": 3.0, "maxspeed": 100.0, "start_node": "1807923441", "end_node": "sub_1807923441_13957484184_1", "subsegment_index": 0, "total_subsegments": 6 }, "geometry": { "type": "LineString", "coordinates": [ [ 77.5680197, 28.2282944 ], [ 77.56802, 28.2295223 ], [ 77.568020600000011, 28.2321157 ], [ 77.568025, 28.235618 ], [ 77.568039900000016, 28.2363139 ], [ 77.568056583290712, 28.237466556192846 ] ] } },
{ "type": "Feature", "properties": { "segment_id": "YE_MAIN_NB_161", "source_edge_id": "1807923441_13957484184_0", "direction": "NB", "is_mainline": true, "is_ramp": false, "is_interchange_related": false, "interchange_name": null, "chainage_start_km": 149.895, "chainage_end_km": 150.912, "length_m": 1016.9026156308958, "road_class": "motorway", "name": "Yamuna Expressway", "lanes": 3.0, "maxspeed": 100.0, "start_node": "sub_1807923441_13957484184_1", "end_node": "sub_1807923441_13957484184_2", "subsegment_index": 1, "total_subsegments": 6 }, "geometry": { "type": "LineString", "coordinates": [ [ 77.568056583290712, 28.237466556192846 ], [ 77.5680646, 28.2380204 ], [ 77.5680691, 28.2382294 ], [ 77.5681046, 28.2393384 ], [ 77.5681046, 28.2413602 ], [ 77.5680843, 28.2432148 ], [ 77.568017876427277, 28.246637801574408 ] ] } },
{ "type": "Feature", "properties": { "segment_id": "YE_MAIN_NB_162", "source_edge_id": "1807923441_13957484184_0", "direction": "NB", "is_mainline": true, "is_ramp": false, "is_interchange_related": false, "interchange_name": null, "chainage_start_km": 150.912, "chainage_end_km": 151.929, "length_m": 1016.9026156308367, "road_class": "motorway", "name": "Yamuna Expressway", "lanes": 3.0, "maxspeed": 100.0, "start_node": "sub_1807923441_13957484184_2", "end_node": "sub_1807923441_13957484184_3", "subsegment_index": 2, "total_subsegments": 6 }, "geometry": { "type": "LineString", "coordinates": [ [ 77.568017876427277, 28.246637801574408 ], [ 77.5679508, 28.2500947 ], [ 77.5679371, 28.2515103 ], [ 77.5680606, 28.25389 ], [ 77.5680711, 28.2546972 ], [ 77.5680739, 28.2550555 ], [ 77.568064284719071, 28.25580697390836 ] ] } },
{ "type": "Feature", "properties": { "segment_id": "YE_MAIN_NB_163", "source_edge_id": "1807923441_13957484184_0", "direction": "NB", "is_mainline": true, "is_ramp": false, "is_interchange_related": false, "interchange_name": null, "chainage_start_km": 151.929, "chainage_end_km": 152.946, "length_m": 1016.9026156311791, "road_class": "motorway", "name": "Yamuna Expressway", "lanes": 3.0, "maxspeed": 100.0, "start_node": "sub_1807923441_13957484184_3", "end_node": "sub_1807923441_13957484184_4", "subsegment_index": 3, "total_subsegments": 6 }, "geometry": { "type": "LineString", "coordinates": [ [ 77.568064284719071, 28.25580697390836 ], [ 77.5680249, 28.2588853 ], [ 77.5679693, 28.2630121 ], [ 77.567931391167292, 28.264978541513337 ] ] } },
{ "type": "Feature", "properties": { "segment_id": "YE_MAIN_NB_164", "source_edge_id": "1807923441_13957484184_0", "direction": "NB", "is_mainline": true, "is_ramp": false, "is_interchange_related": false, "interchange_name": null, "chainage_start_km": 152.946, "chainage_end_km": 153.963, "length_m": 1016.902615630705, "road_class": "motorway", "name": "Yamuna Expressway", "lanes": 3.0, "maxspeed": 100.0, "start_node": "sub_1807923441_13957484184_4", "end_node": "sub_1807923441_13957484184_5", "subsegment_index": 4, "total_subsegments": 6 }, "geometry": { "type": "LineString", "coordinates": [ [ 77.567931391167292, 28.264978541513337 ], [ 77.5679164, 28.2657562 ], [ 77.5679138, 28.2659606 ], [ 77.5678062, 28.2672706 ], [ 77.5676343, 28.2687042 ], [ 77.5674374, 28.2699321 ], [ 77.5672484, 28.270884 ], [ 77.567039, 28.271817 ], [ 77.5668597, 28.2725589 ], [ 77.5666571, 28.2732637 ], [ 77.566527, 28.2737015 ], [ 77.566424365074482, 28.274027512488612 ] ] } },
{ "type": "Feature", "properties": { "segment_id": "YE_MAIN_NB_165", "source_edge_id": "1807923441_13957484184_0", "direction": "NB", "is_mainline": true, "is_ramp": false, "is_interchange_related": false, "interchange_name": null, "chainage_start_km": 153.963, "chainage_end_km": 154.98, "length_m": 1016.9026156310219, "road_class": "motorway", "name": "Yamuna Expressway", "lanes": 3.0, "maxspeed": 100.0, "start_node": "sub_1807923441_13957484184_5", "end_node": "13957484184", "subsegment_index": 5, "total_subsegments": 6 }, "geometry": { "type": "LineString", "coordinates": [ [ 77.566424365074482, 28.274027512488612 ], [ 77.5661625, 28.2748593 ], [ 77.564735, 28.2791871 ], [ 77.564278, 28.2806395 ], [ 77.5641272, 28.2811188 ], [ 77.5635857, 28.2828487 ] ] } },
{ "type": "Feature", "properties": { "segment_id": "YE_MAIN_NB_166", "source_edge_id": "13957484184_4604340131_0", "direction": "NB", "is_mainline": true, "is_ramp": false, "is_interchange_related": false, "interchange_name": null, "chainage_start_km": 154.98, "chainage_end_km": 156.133, "length_m": 1152.6643196308758, "road_class": "motorway", "name": "Yamuna Expressway", "lanes": 3.0, "maxspeed": 100.0, "start_node": "13957484184", "end_node": "sub_13957484184_4604340131_1", "subsegment_index": 0, "total_subsegments": 2 }, "geometry": { "type": "LineString", "coordinates": [ [ 77.5635857, 28.2828487 ], [ 77.5621685, 28.2873441 ], [ 77.5604714, 28.2928131 ], [ 77.560454001893518, 28.292869202445075 ] ] } },
{ "type": "Feature", "properties": { "segment_id": "YE_MAIN_NB_167", "source_edge_id": "13957484184_4604340131_0", "direction": "NB", "is_mainline": true, "is_ramp": false, "is_interchange_related": false, "interchange_name": null, "chainage_start_km": 156.133, "chainage_end_km": 157.285, "length_m": 1152.6643196312132, "road_class": "motorway", "name": "Yamuna Expressway", "lanes": 3.0, "maxspeed": 100.0, "start_node": "sub_13957484184_4604340131_1", "end_node": "4604340131", "subsegment_index": 1, "total_subsegments": 2 }, "geometry": { "type": "LineString", "coordinates": [ [ 77.560454001893518, 28.292869202445075 ], [ 77.5604113, 28.2930069 ], [ 77.5593153, 28.2965386 ], [ 77.5579318, 28.3009652 ], [ 77.5577345, 28.3016136 ], [ 77.5573408, 28.3028943 ] ] } },
{ "type": "Feature", "properties": { "segment_id": "YE_MAIN_NB_168", "source_edge_id": "4604340131_9488641011_0", "direction": "NB", "is_mainline": true, "is_ramp": false, "is_interchange_related": false, "interchange_name": null, "chainage_start_km": 157.285, "chainage_end_km": 158.483, "length_m": 1197.7283884710578, "road_class": "motorway", "name": "Yamuna Expressway", "lanes": 3.0, "maxspeed": 100.0, "start_node": "4604340131", "end_node": "sub_4604340131_9488641011_1", "subsegment_index": 0, "total_subsegments": 2 }, "geometry": { "type": "LineString", "coordinates": [ [ 77.5573408, 28.3028943 ], [ 77.5548592, 28.3109671 ], [ 77.554777, 28.3112281 ], [ 77.5546473, 28.3116402 ], [ 77.554120016354844, 28.313314830930167 ] ] } },
{ "type": "Feature", "properties": { "segment_id": "YE_MAIN_NB_169", "source_edge_id": "4604340131_9488641011_0", "direction": "NB", "is_mainline": true, "is_ramp": false, "is_interchange_related": false, "interchange_name": null, "chainage_start_km": 158.483, "chainage_end_km": 159.681, "length_m": 1197.7283884711323, "road_class": "motorway", "name": "Yamuna Expressway", "lanes": 3.0, "maxspeed": 100.0, "start_node": "sub_4604340131_9488641011_1", "end_node": "9488641011", "subsegment_index": 1, "total_subsegments": 2 }, "geometry": { "type": "LineString", "coordinates": [ [ 77.554120016354844, 28.313314830930167 ], [ 77.553286200000016, 28.3159629 ], [ 77.5508412, 28.3237213 ] ] } },
{ "type": "Feature", "properties": { "segment_id": "YE_MAIN_NB_170", "source_edge_id": "9488641011_1803899801_0", "direction": "NB", "is_mainline": true, "is_ramp": false, "is_interchange_related": false, "interchange_name": null, "chainage_start_km": 159.681, "chainage_end_km": 160.73, "length_m": 1049.5863277176325, "road_class": "motorway", "name": "Yamuna Expressway", "lanes": 3.0, "maxspeed": 100.0, "start_node": "9488641011", "end_node": "sub_9488641011_1803899801_1", "subsegment_index": 0, "total_subsegments": 3 }, "geometry": { "type": "LineString", "coordinates": [ [ 77.5508412, 28.3237213 ], [ 77.5506055, 28.3244692 ], [ 77.5505617, 28.3246091 ], [ 77.5504405, 28.3249963 ], [ 77.5487723, 28.3303245 ], [ 77.5486653, 28.3306638 ], [ 77.547977798559458, 28.332843134152061 ] ] } },
{ "type": "Feature", "properties": { "segment_id": "YE_MAIN_NB_171", "source_edge_id": "9488641011_1803899801_0", "direction": "NB", "is_mainline": true, "is_ramp": false, "is_interchange_related": false, "interchange_name": null, "chainage_start_km": 160.73, "chainage_end_km": 161.78, "length_m": 1049.5863277178219, "road_class": "motorway", "name": "Yamuna Expressway", "lanes": 3.0, "maxspeed": 100.0, "start_node": "sub_9488641011_1803899801_1", "end_node": "sub_9488641011_1803899801_2", "subsegment_index": 1, "total_subsegments": 3 }, "geometry": { "type": "LineString", "coordinates": [ [ 77.547977798559458, 28.332843134152061 ], [ 77.5464893, 28.3375613 ], [ 77.5463127, 28.3381345 ], [ 77.5461706, 28.3385957 ], [ 77.5452581, 28.3415573 ], [ 77.545127261273947, 28.34196814308773 ] ] } },
{ "type": "Feature", "properties": { "segment_id": "YE_MAIN_NB_172", "source_edge_id": "9488641011_1803899801_0", "direction": "NB", "is_mainline": true, "is_ramp": false, "is_interchange_related": false, "interchange_name": null, "chainage_start_km": 161.78, "chainage_end_km": 162.829, "length_m": 1049.586327717981, "road_class": "motorway", "name": "Yamuna Expressway", "lanes": 3.0, "maxspeed": 100.0, "start_node": "sub_9488641011_1803899801_2", "end_node": "1803899801", "subsegment_index": 2, "total_subsegments": 3 }, "geometry": { "type": "LineString", "coordinates": [ [ 77.545127261273947, 28.34196814308773 ], [ 77.5440987, 28.3451978 ], [ 77.5422726, 28.3510922 ] ] } },
{ "type": "Feature", "properties": { "segment_id": "YE_MAIN_NB_173", "source_edge_id": "1803899801_1803899895_0", "direction": "NB", "is_mainline": true, "is_ramp": false, "is_interchange_related": false, "interchange_name": null, "chainage_start_km": 162.829, "chainage_end_km": 163.934, "length_m": 1104.5081228854924, "road_class": "motorway", "name": "Yamuna Expressway", "lanes": 3.0, "maxspeed": 100.0, "start_node": "1803899801", "end_node": "sub_1803899801_1803899895_1", "subsegment_index": 0, "total_subsegments": 4 }, "geometry": { "type": "LineString", "coordinates": [ [ 77.5422726, 28.3510922 ], [ 77.5419425, 28.3521574 ], [ 77.5415524, 28.353398 ], [ 77.541461, 28.3536886 ], [ 77.5405316, 28.356644 ], [ 77.5404176, 28.3570067 ], [ 77.5397033, 28.3592781 ], [ 77.539259992245249, 28.360691715062767 ] ] } },
{ "type": "Feature", "properties": { "segment_id": "YE_MAIN_NB_174", "source_edge_id": "1803899801_1803899895_0", "direction": "NB", "is_mainline": true, "is_ramp": false, "is_interchange_related": false, "interchange_name": null, "chainage_start_km": 163.934, "chainage_end_km": 165.038, "length_m": 1104.5081228860963, "road_class": "motorway", "name": "Yamuna Expressway", "lanes": 3.0, "maxspeed": 100.0, "start_node": "sub_1803899801_1803899895_1", "end_node": "sub_1803899801_1803899895_2", "subsegment_index": 1, "total_subsegments": 4 }, "geometry": { "type": "LineString", "coordinates": [ [ 77.539259992245249, 28.360691715062767 ], [ 77.5385201, 28.363051 ], [ 77.5383909, 28.363463 ], [ 77.5379162, 28.3649768 ], [ 77.5371547, 28.3673623 ], [ 77.5364487, 28.3697366 ], [ 77.5364215, 28.3698247 ], [ 77.5363317, 28.370116 ], [ 77.536274725511703, 28.370297758680483 ] ] } },
{ "type": "Feature", "properties": { "segment_id": "YE_MAIN_NB_175", "source_edge_id": "1803899801_1803899895_0", "direction": "NB", "is_mainline": true, "is_ramp": false, "is_interchange_related": false, "interchange_name": null, "chainage_start_km": 165.038, "chainage_end_km": 166.143, "length_m": 1104.5081228856045, "road_class": "motorway", "name": "Yamuna Expressway", "lanes": 3.0, "maxspeed": 100.0, "start_node": "sub_1803899801_1803899895_2", "end_node": "sub_1803899801_1803899895_3", "subsegment_index": 2, "total_subsegments": 4 }, "geometry": { "type": "LineString", "coordinates": [ [ 77.536274725511703, 28.370297758680483 ], [ 77.5361771, 28.3706092 ], [ 77.5358677, 28.3715958 ], [ 77.5349867, 28.3744053 ], [ 77.5345475, 28.375806 ], [ 77.5344908, 28.3759868 ], [ 77.5344604, 28.3760857 ], [ 77.5343952, 28.376298 ], [ 77.5342102, 28.3768817 ], [ 77.5337799, 28.3782538 ], [ 77.5334664, 28.3792584 ], [ 77.533266623411478, 28.37989852408192 ] ] } },
{ "type": "Feature", "properties": { "segment_id": "YE_MAIN_NB_176", "source_edge_id": "1803899801_1803899895_0", "direction": "NB", "is_mainline": true, "is_ramp": false, "is_interchange_related": false, "interchange_name": null, "chainage_start_km": 166.143, "chainage_end_km": 167.247, "length_m": 1104.5081228856432, "road_class": "motorway", "name": "Yamuna Expressway", "lanes": 3.0, "maxspeed": 100.0, "start_node": "sub_1803899801_1803899895_3", "end_node": "1803899895", "subsegment_index": 3, "total_subsegments": 4 }, "geometry": { "type": "LineString", "coordinates": [ [ 77.533266623411478, 28.37989852408192 ], [ 77.5319283, 28.3841866 ], [ 77.531761, 28.3846642 ], [ 77.5316359, 28.3850214 ], [ 77.5314867, 28.3854476 ], [ 77.530975, 28.386693 ], [ 77.5304175, 28.3879228 ], [ 77.5296796, 28.3893222 ] ] } },
{ "type": "Feature", "properties": { "segment_id": "YE_MAIN_NB_177", "source_edge_id": "1803899895_1803900019_0", "direction": "NB", "is_mainline": true, "is_ramp": false, "is_interchange_related": false, "interchange_name": null, "chainage_start_km": 167.247, "chainage_end_km": 168.272, "length_m": 1024.767681684918, "road_class": "motorway", "name": "Yamuna Expressway", "lanes": 3.0, "maxspeed": 100.0, "start_node": "1803899895", "end_node": "sub_1803899895_1803900019_1", "subsegment_index": 0, "total_subsegments": 7 }, "geometry": { "type": "LineString", "coordinates": [ [ 77.5296796, 28.3893222 ], [ 77.5296587, 28.3893607 ], [ 77.5295834, 28.3895018 ], [ 77.527009, 28.3943251 ], [ 77.5257225, 28.3967964 ], [ 77.5256452, 28.396936 ], [ 77.525229753675305, 28.397685903496885 ] ] } },
{ "type": "Feature", "properties": { "segment_id": "YE_MAIN_NB_178", "source_edge_id": "1803899895_1803900019_0", "direction": "NB", "is_mainline": true, "is_ramp": false, "is_interchange_related": false, "interchange_name": null, "chainage_start_km": 168.272, "chainage_end_km": 169.297, "length_m": 1024.7676816852997, "road_class": "motorway", "name": "Yamuna Expressway", "lanes": 3.0, "maxspeed": 100.0, "start_node": "sub_1803899895_1803900019_1", "end_node": "sub_1803899895_1803900019_2", "subsegment_index": 1, "total_subsegments": 7 }, "geometry": { "type": "LineString", "coordinates": [ [ 77.525229753675305, 28.397685903496885 ], [ 77.5244204, 28.3991468 ], [ 77.523275, 28.4012898 ], [ 77.520739918492737, 28.406033144730085 ] ] } },
{ "type": "Feature", "properties": { "segment_id": "YE_MAIN_NB_179", "source_edge_id": "1803899895_1803900019_0", "direction": "NB", "is_mainline": true, "is_ramp": false, "is_interchange_related": false, "interchange_name": null, "chainage_start_km": 169.297, "chainage_end_km": 170.322, "length_m": 1024.767681685061, "road_class": "motorway", "name": "Yamuna Expressway", "lanes": 3.0, "maxspeed": 100.0, "start_node": "sub_1803899895_1803900019_2", "end_node": "sub_1803899895_1803900019_3", "subsegment_index": 2, "total_subsegments": 7 }, "geometry": { "type": "LineString", "coordinates": [ [ 77.520739918492737, 28.406033144730085 ], [ 77.5188883, 28.4094974 ], [ 77.5172348, 28.4125417 ], [ 77.5165408, 28.4139337 ], [ 77.516321987568119, 28.414409255654093 ] ] } },
{ "type": "Feature", "properties": { "segment_id": "YE_MAIN_NB_180", "source_edge_id": "1803899895_1803900019_0", "direction": "NB", "is_mainline": true, "is_ramp": false, "is_interchange_related": false, "interchange_name": null, "chainage_start_km": 170.322, "chainage_end_km": 171.346, "length_m": 1024.7676816850146, "road_class": "motorway", "name": "Yamuna Expressway", "lanes": 3.0, "maxspeed": 100.0, "start_node": "sub_1803899895_1803900019_3", "end_node": "sub_1803899895_1803900019_4", "subsegment_index": 3, "total_subsegments": 7 }, "geometry": { "type": "LineString", "coordinates": [ [ 77.516321987568119, 28.414409255654093 ], [ 77.5161237, 28.4148402 ], [ 77.5157161, 28.4158167 ], [ 77.5155837, 28.4161339 ], [ 77.5131636, 28.4221962 ], [ 77.51303, 28.422530099999989 ], [ 77.512779578805166, 28.423105185270604 ] ] } },
{ "type": "Feature", "properties": { "segment_id": "YE_MAIN_NB_181", "source_edge_id": "1803899895_1803900019_0", "direction": "NB", "is_mainline": true, "is_ramp": false, "is_interchange_related": false, "interchange_name": null, "chainage_start_km": 171.346, "chainage_end_km": 172.371, "length_m": 1024.7676816851144, "road_class": "motorway", "name": "Yamuna Expressway", "lanes": 3.0, "maxspeed": 100.0, "start_node": "sub_1803899895_1803900019_4", "end_node": "sub_1803899895_1803900019_5", "subsegment_index": 4, "total_subsegments": 7 }, "geometry": { "type": "LineString", "coordinates": [ [ 77.512779578805166, 28.423105185270604 ], [ 77.5113971, 28.4262799 ], [ 77.5097122, 28.4293189 ], [ 77.5086565, 28.4311105 ], [ 77.508434318121004, 28.431501005406275 ] ] } },
{ "type": "Feature", "properties": { "segment_id": "YE_MAIN_NB_182", "source_edge_id": "1803899895_1803900019_0", "direction": "NB", "is_mainline": true, "is_ramp": false, "is_interchange_related": true, "interchange_name": "Greater Noida / Pari Chowk (Zero Point)", "chainage_start_km": 172.371, "chainage_end_km": 173.396, "length_m": 1024.767681685445, "road_class": "motorway", "name": "Yamuna Expressway", "lanes": 3.0, "maxspeed": 100.0, "start_node": "sub_1803899895_1803900019_5", "end_node": "sub_1803899895_1803900019_6", "subsegment_index": 5, "total_subsegments": 7 }, "geometry": { "type": "LineString", "coordinates": [ [ 77.508434318121004, 28.431501005406275 ], [ 77.5080068, 28.4322524 ], [ 77.5079114, 28.4324251 ], [ 77.5051827, 28.4371791 ], [ 77.503691305388969, 28.43973885860002 ] ] } },
{ "type": "Feature", "properties": { "segment_id": "YE_MAIN_NB_183", "source_edge_id": "1803899895_1803900019_0", "direction": "NB", "is_mainline": true, "is_ramp": false, "is_interchange_related": true, "interchange_name": "Greater Noida / Pari Chowk (Zero Point)", "chainage_start_km": 173.396, "chainage_end_km": 174.421, "length_m": 1024.7676816849403, "road_class": "motorway", "name": "Yamuna Expressway", "lanes": 3.0, "maxspeed": 100.0, "start_node": "sub_1803899895_1803900019_6", "end_node": "1803900019", "subsegment_index": 6, "total_subsegments": 7 }, "geometry": { "type": "LineString", "coordinates": [ [ 77.503691305388969, 28.43973885860002 ], [ 77.5011076, 28.4441731 ], [ 77.5005558, 28.4449925 ], [ 77.4997392, 28.4460726 ], [ 77.4984306, 28.447708 ] ] } },
{ "type": "Feature", "properties": { "segment_id": "YE_RAMP_001", "source_edge_id": "9488660473_9488641011_0", "direction": "NB", "is_mainline": false, "is_ramp": true, "is_interchange_related": true, "interchange_name": "Eastern Peripheral Expressway (EPE) Interchange", "chainage_start_km": null, "chainage_end_km": null, "length_m": 463.48460717311843, "road_class": "motorway_link", "name": "Yamuna Expressway", "lanes": 3.0, "maxspeed": null, "start_node": "9488660473", "end_node": "9488641011", "subsegment_index": 0, "total_subsegments": 1 }, "geometry": { "type": "LineString", "coordinates": [ [ 77.5508438, 28.3203037 ], [ 77.5509762, 28.3202045 ], [ 77.5511366, 28.3201554 ], [ 77.5513052, 28.3201732 ], [ 77.5514479, 28.3202543 ], [ 77.5515358, 28.3203823 ], [ 77.551551, 28.3205312 ], [ 77.5513608, 28.3211347 ], [ 77.5512577, 28.3214617 ], [ 77.5510901, 28.3225298 ], [ 77.5507877, 28.3234893 ], [ 77.5508412, 28.3237213 ] ] } },
{ "type": "Feature", "properties": { "segment_id": "YE_RAMP_002", "source_edge_id": "1803899773_1803899769_0", "direction": "SB", "is_mainline": false, "is_ramp": true, "is_interchange_related": true, "interchange_name": "Eastern Peripheral Expressway (EPE) Interchange", "chainage_start_km": null, "chainage_end_km": null, "length_m": 655.9288397127707, "road_class": "motorway_link", "name": "Yamuna Expressway", "lanes": 3.0, "maxspeed": null, "start_node": "1803899773", "end_node": "1803899769", "subsegment_index": 0, "total_subsegments": 1 }, "geometry": { "type": "LineString", "coordinates": [ [ 77.5513663, 28.3227538 ], [ 77.5516696, 28.3222041 ], [ 77.5522177, 28.3205011 ], [ 77.5526415, 28.3196557 ], [ 77.552725, 28.319363 ], [ 77.552881, 28.3188163 ], [ 77.55302380000002, 28.3184818 ], [ 77.5531781, 28.3183318 ], [ 77.553332400000016, 28.318275 ], [ 77.5534982, 28.3182973 ], [ 77.5536387, 28.3183987 ], [ 77.55374, 28.3185325 ], [ 77.5537285, 28.3187008 ], [ 77.5536838, 28.3190954 ] ] } },
{ "type": "Feature", "properties": { "segment_id": "YE_RAMP_003", "source_edge_id": "4604340136_4604340143_0", "direction": "SB", "is_mainline": false, "is_ramp": true, "is_interchange_related": true, "interchange_name": "Eastern Peripheral Expressway (EPE) Interchange", "chainage_start_km": null, "chainage_end_km": null, "length_m": 144.76203064341453, "road_class": "motorway_link", "name": "Yamuna Expressway", "lanes": null, "maxspeed": null, "start_node": "4604340136", "end_node": "4604340143", "subsegment_index": 0, "total_subsegments": 1 }, "geometry": { "type": "LineString", "coordinates": [ [ 77.5559821, 28.3064818 ], [ 77.5558658, 28.3066162 ], [ 77.5557386, 28.306661 ], [ 77.5556332, 28.3066866 ], [ 77.5555061, 28.3066738 ], [ 77.5554197, 28.3066126 ], [ 77.5553713, 28.306513 ], [ 77.5553389, 28.3064146 ], [ 77.5554334, 28.3059252 ] ] } },
{ "type": "Feature", "properties": { "segment_id": "YE_RAMP_004", "source_edge_id": "4604340131_4604340136_0", "direction": "NB", "is_mainline": false, "is_ramp": true, "is_interchange_related": true, "interchange_name": "Eastern Peripheral Expressway (EPE) Interchange", "chainage_start_km": null, "chainage_end_km": null, "length_m": 419.78452552842055, "road_class": "motorway_link", "name": "Yamuna Expressway", "lanes": null, "maxspeed": null, "start_node": "4604340131", "end_node": "4604340136", "subsegment_index": 0, "total_subsegments": 1 }, "geometry": { "type": "LineString", "coordinates": [ [ 77.5573408, 28.3028943 ], [ 77.5569922, 28.3036505 ], [ 77.5567342, 28.3044567 ], [ 77.5564726, 28.3051798 ], [ 77.5563309, 28.3055381 ], [ 77.5559821, 28.3064818 ] ] } },
{ "type": "Feature", "properties": { "segment_id": "YE_RAMP_005", "source_edge_id": "6127085069_1803899734_0", "direction": "SB", "is_mainline": false, "is_ramp": true, "is_interchange_related": true, "interchange_name": "Eastern Peripheral Expressway (EPE) Interchange", "chainage_start_km": null, "chainage_end_km": null, "length_m": 745.60673059900853, "road_class": "motorway_link", "name": "Yamuna Expressway", "lanes": 3.0, "maxspeed": null, "start_node": "6127085069", "end_node": "1803899734", "subsegment_index": 0, "total_subsegments": 1 }, "geometry": { "type": "LineString", "coordinates": [ [ 77.5602365, 28.2981029 ], [ 77.5601391, 28.2981637 ], [ 77.559831, 28.2987679 ], [ 77.559699800000018, 28.2988814 ], [ 77.5595316, 28.2989037 ], [ 77.5594142, 28.2988713 ], [ 77.5592944, 28.2987882 ], [ 77.5592323, 28.2986198 ], [ 77.5592253, 28.298415 ], [ 77.559603, 28.296809 ], [ 77.559838, 28.2960019 ], [ 77.56037, 28.2942965 ], [ 77.5604702, 28.2935263 ] ] } },
{ "type": "Feature", "properties": { "segment_id": "YE_RAMP_006", "source_edge_id": "11939343011_3758249716_0", "direction": "NB", "is_mainline": false, "is_ramp": true, "is_interchange_related": true, "interchange_name": "Jewar / Noida International Airport Interchange", "chainage_start_km": null, "chainage_end_km": null, "length_m": 1293.3116920663017, "road_class": "motorway_link", "name": "Yamuna Expressway", "lanes": null, "maxspeed": null, "start_node": "11939343011", "end_node": "3758249716", "subsegment_index": 0, "total_subsegments": 1 }, "geometry": { "type": "LineString", "coordinates": [ [ 77.5707494, 28.1366218 ], [ 77.5703073, 28.1388084 ], [ 77.5701835, 28.1396029 ], [ 77.5702182, 28.1399521 ], [ 77.5703757, 28.140154 ], [ 77.5714407, 28.141223599999989 ], [ 77.571809700000017, 28.1415562 ], [ 77.5721141, 28.1419032 ], [ 77.5723493, 28.1422917 ], [ 77.5724384, 28.1426104 ], [ 77.5724681, 28.143001 ], [ 77.5724903, 28.1432411 ], [ 77.5721809, 28.1454694 ], [ 77.5720625, 28.1475335 ] ] } },
{ "type": "Feature", "properties": { "segment_id": "YE_RAMP_007", "source_edge_id": "3758249695_11939343011_0", "direction": "NB", "is_mainline": false, "is_ramp": true, "is_interchange_related": true, "interchange_name": "Jewar / Noida International Airport Interchange", "chainage_start_km": null, "chainage_end_km": null, "length_m": 52.201700317247315, "road_class": "motorway_link", "name": "Yamuna Expressway", "lanes": null, "maxspeed": null, "start_node": "3758249695", "end_node": "11939343011", "subsegment_index": 0, "total_subsegments": 1 }, "geometry": { "type": "LineString", "coordinates": [ [ 77.5707986, 28.136159 ], [ 77.570761, 28.136232 ], [ 77.5707449, 28.1363621 ], [ 77.5707494, 28.1366218 ] ] } },
{ "type": "Feature", "properties": { "segment_id": "YE_RAMP_008", "source_edge_id": "11939343030_3758249695_0", "direction": "NB", "is_mainline": false, "is_ramp": true, "is_interchange_related": true, "interchange_name": "Jewar / Noida International Airport Interchange", "chainage_start_km": null, "chainage_end_km": null, "length_m": 13.988336726209235, "road_class": "motorway_link", "name": "Yamuna Expressway", "lanes": null, "maxspeed": null, "start_node": "11939343030", "end_node": "3758249695", "subsegment_index": 0, "total_subsegments": 1 }, "geometry": { "type": "LineString", "coordinates": [ [ 77.5708938, 28.1360652 ], [ 77.5707986, 28.136159 ] ] } },
{ "type": "Feature", "properties": { "segment_id": "YE_RAMP_009", "source_edge_id": "3816367247_3816367299_0", "direction": "NB", "is_mainline": false, "is_ramp": true, "is_interchange_related": true, "interchange_name": "Tappal / Aligarh (SH-22) Interchange", "chainage_start_km": null, "chainage_end_km": null, "length_m": 494.75744680739996, "road_class": "motorway_link", "name": "Yamuna Expressway", "lanes": 3.0, "maxspeed": null, "start_node": "3816367247", "end_node": "3816367299", "subsegment_index": 0, "total_subsegments": 1 }, "geometry": { "type": "LineString", "coordinates": [ [ 77.58816920000001, 28.040068 ], [ 77.5884804, 28.0401674 ], [ 77.5908085, 28.0408255 ], [ 77.5912323, 28.0409581 ], [ 77.5915381, 28.0410433 ], [ 77.591795, 28.0411487 ], [ 77.5918814, 28.0412327 ], [ 77.5919184, 28.041286 ], [ 77.5919989, 28.041428 ], [ 77.5919941, 28.0415642 ], [ 77.5919672, 28.0416494 ], [ 77.5918581, 28.0421472 ] ] } },
{ "type": "Feature", "properties": { "segment_id": "YE_RAMP_010", "source_edge_id": "9764088160_3816367247_0", "direction": "NB", "is_mainline": false, "is_ramp": true, "is_interchange_related": true, "interchange_name": "Tappal / Aligarh (SH-22) Interchange", "chainage_start_km": null, "chainage_end_km": null, "length_m": 45.817097015438122, "road_class": "motorway_link", "name": "Yamuna Expressway", "lanes": null, "maxspeed": null, "start_node": "9764088160", "end_node": "3816367247", "subsegment_index": 0, "total_subsegments": 1 }, "geometry": { "type": "LineString", "coordinates": [ [ 77.5877291, 28.0399563 ], [ 77.5878974, 28.0400267 ], [ 77.5879973, 28.0400599 ], [ 77.5880704, 28.0400711 ], [ 77.58816920000001, 28.040068 ] ] } },
{ "type": "Feature", "properties": { "segment_id": "YE_RAMP_011", "source_edge_id": "9764088161_3816367247_0", "direction": "NB", "is_mainline": false, "is_ramp": true, "is_interchange_related": true, "interchange_name": "Tappal / Aligarh (SH-22) Interchange", "chainage_start_km": null, "chainage_end_km": null, "length_m": 32.537464607273279, "road_class": "motorway_link", "name": "Yamuna Expressway", "lanes": 3.0, "maxspeed": null, "start_node": "9764088161", "end_node": "3816367247", "subsegment_index": 0, "total_subsegments": 1 }, "geometry": { "type": "LineString", "coordinates": [ [ 77.5879135, 28.0398859 ], [ 77.5880083, 28.039978 ], [ 77.58816920000001, 28.040068 ] ] } },
{ "type": "Feature", "properties": { "segment_id": "YE_RAMP_012", "source_edge_id": "3816367199_9764088160_0", "direction": "NB", "is_mainline": false, "is_ramp": true, "is_interchange_related": true, "interchange_name": "Tappal / Aligarh (SH-22) Interchange", "chainage_start_km": null, "chainage_end_km": null, "length_m": 8.2847884925500459, "road_class": "motorway_link", "name": "Yamuna Expressway", "lanes": null, "maxspeed": null, "start_node": "3816367199", "end_node": "9764088160", "subsegment_index": 0, "total_subsegments": 1 }, "geometry": { "type": "LineString", "coordinates": [ [ 77.5876745, 28.0398994 ], [ 77.5877291, 28.0399563 ] ] } },
{ "type": "Feature", "properties": { "segment_id": "YE_RAMP_013", "source_edge_id": "3816367060_9764088161_0", "direction": "NB", "is_mainline": false, "is_ramp": true, "is_interchange_related": true, "interchange_name": "Tappal / Aligarh (SH-22) Interchange", "chainage_start_km": null, "chainage_end_km": null, "length_m": 9.4465243392545553, "road_class": "motorway_link", "name": "Yamuna Expressway", "lanes": 3.0, "maxspeed": null, "start_node": "3816367060", "end_node": "9764088161", "subsegment_index": 0, "total_subsegments": 1 }, "geometry": { "type": "LineString", "coordinates": [ [ 77.5878625, 28.0398137 ], [ 77.5879135, 28.0398859 ] ] } },
{ "type": "Feature", "properties": { "segment_id": "YE_RAMP_014", "source_edge_id": "11938897712_3816367199_0", "direction": "NB", "is_mainline": false, "is_ramp": true, "is_interchange_related": true, "interchange_name": "Tappal / Aligarh (SH-22) Interchange", "chainage_start_km": null, "chainage_end_km": null, "length_m": 41.992070810916701, "road_class": "motorway_link", "name": "Yamuna Expressway", "lanes": null, "maxspeed": null, "start_node": "11938897712", "end_node": "3816367199", "subsegment_index": 0, "total_subsegments": 1 }, "geometry": { "type": "LineString", "coordinates": [ [ 77.587516600000015, 28.0395545 ], [ 77.5875206, 28.0396385 ], [ 77.587556800000016, 28.0397108 ], [ 77.5876745, 28.0398994 ] ] } },
{ "type": "Feature", "properties": { "segment_id": "YE_RAMP_015", "source_edge_id": "3816367208_3816367061_0", "direction": "SB", "is_mainline": false, "is_ramp": true, "is_interchange_related": true, "interchange_name": "Tappal / Aligarh (SH-22) Interchange", "chainage_start_km": null, "chainage_end_km": null, "length_m": 858.26032228373299, "road_class": "motorway_link", "name": "Yamuna Expressway", "lanes": null, "maxspeed": null, "start_node": "3816367208", "end_node": "3816367061", "subsegment_index": 0, "total_subsegments": 1 }, "geometry": { "type": "LineString", "coordinates": [ [ 77.5921218, 28.0422064 ], [ 77.592493, 28.0415263 ], [ 77.5926378, 28.0412943 ], [ 77.5927612, 28.0410954 ], [ 77.5929221, 28.0408729 ], [ 77.593142, 28.0406598 ], [ 77.5935063, 28.0403769 ], [ 77.5940159, 28.0401118 ], [ 77.5948367, 28.0397235 ], [ 77.595202, 28.0394761 ], [ 77.5955662, 28.039160100000011 ], [ 77.5959101, 28.0387422 ], [ 77.5962872, 28.0380888 ], [ 77.5969937, 28.0366542 ], [ 77.5971863, 28.0362008 ] ] } },
{ "type": "Feature", "properties": { "segment_id": "YE_RAMP_016", "source_edge_id": "3816367272_3816367060_0", "direction": "NB", "is_mainline": false, "is_ramp": true, "is_interchange_related": true, "interchange_name": "Tappal / Aligarh (SH-22) Interchange", "chainage_start_km": null, "chainage_end_km": null, "length_m": 83.973128086238034, "road_class": "motorway_link", "name": "Yamuna Expressway", "lanes": 3.0, "maxspeed": null, "start_node": "3816367272", "end_node": "3816367060", "subsegment_index": 0, "total_subsegments": 1 }, "geometry": { "type": "LineString", "coordinates": [ [ 77.5879648, 28.0390843 ], [ 77.5878259, 28.0394383 ], [ 77.5878152, 28.0396277 ], [ 77.5878391, 28.039777 ], [ 77.5878625, 28.0398137 ] ] } },
{ "type": "Feature", "properties": { "segment_id": "YE_RAMP_017", "source_edge_id": "3816367272_11938897712_0", "direction": "NB", "is_mainline": false, "is_ramp": true, "is_interchange_related": true, "interchange_name": "Tappal / Aligarh (SH-22) Interchange", "chainage_start_km": null, "chainage_end_km": null, "length_m": 68.518002959887497, "road_class": "motorway_link", "name": "Yamuna Expressway", "lanes": null, "maxspeed": null, "start_node": "3816367272", "end_node": "11938897712", "subsegment_index": 0, "total_subsegments": 1 }, "geometry": { "type": "LineString", "coordinates": [ [ 77.5879648, 28.0390843 ], [ 77.5878305, 28.0391898 ], [ 77.587516600000015, 28.0395545 ] ] } },
{ "type": "Feature", "properties": { "segment_id": "YE_RAMP_018", "source_edge_id": "3816367061_9764088175_0", "direction": "SB", "is_mainline": false, "is_ramp": true, "is_interchange_related": true, "interchange_name": "Tappal / Aligarh (SH-22) Interchange", "chainage_start_km": null, "chainage_end_km": null, "length_m": 27.670241931852992, "road_class": "motorway_link", "name": "Yamuna Expressway", "lanes": null, "maxspeed": null, "start_node": "3816367061", "end_node": "9764088175", "subsegment_index": 0, "total_subsegments": 1 }, "geometry": { "type": "LineString", "coordinates": [ [ 77.5971863, 28.0362008 ], [ 77.5972087, 28.0360874 ], [ 77.5971986, 28.0360471 ], [ 77.5971527, 28.0359633 ] ] } },
{ "type": "Feature", "properties": { "segment_id": "YE_RAMP_019", "source_edge_id": "3816367061_9764088176_0", "direction": "SB", "is_mainline": false, "is_ramp": true, "is_interchange_related": true, "interchange_name": "Tappal / Aligarh (SH-22) Interchange", "chainage_start_km": null, "chainage_end_km": null, "length_m": 41.806714064639372, "road_class": "motorway_link", "name": "Yamuna Expressway", "lanes": null, "maxspeed": null, "start_node": "3816367061", "end_node": "9764088176", "subsegment_index": 0, "total_subsegments": 1 }, "geometry": { "type": "LineString", "coordinates": [ [ 77.5971863, 28.0362008 ], [ 77.5973368, 28.0359802 ], [ 77.5973562, 28.0359388 ], [ 77.5973669, 28.0359068 ], [ 77.5973716, 28.035866 ] ] } },
{ "type": "Feature", "properties": { "segment_id": "YE_RAMP_020", "source_edge_id": "9764088175_3816367263_0", "direction": "SB", "is_mainline": false, "is_ramp": true, "is_interchange_related": true, "interchange_name": "Tappal / Aligarh (SH-22) Interchange", "chainage_start_km": null, "chainage_end_km": null, "length_m": 7.9822046533095623, "road_class": "motorway_link", "name": "Yamuna Expressway", "lanes": null, "maxspeed": null, "start_node": "9764088175", "end_node": "3816367263", "subsegment_index": 0, "total_subsegments": 1 }, "geometry": { "type": "LineString", "coordinates": [ [ 77.5971527, 28.0359633 ], [ 77.5971178, 28.0358983 ] ] } },
{ "type": "Feature", "properties": { "segment_id": "YE_RAMP_021", "source_edge_id": "9764088176_3816367147_0", "direction": "SB", "is_mainline": false, "is_ramp": true, "is_interchange_related": true, "interchange_name": "Tappal / Aligarh (SH-22) Interchange", "chainage_start_km": null, "chainage_end_km": null, "length_m": 8.397485999714096, "road_class": "motorway_link", "name": "Yamuna Expressway", "lanes": null, "maxspeed": null, "start_node": "9764088176", "end_node": "3816367147", "subsegment_index": 0, "total_subsegments": 1 }, "geometry": { "type": "LineString", "coordinates": [ [ 77.5973716, 28.035866 ], [ 77.5973401, 28.0357956 ] ] } },
{ "type": "Feature", "properties": { "segment_id": "YE_RAMP_022", "source_edge_id": "3816367263_3816367125_0", "direction": "SB", "is_mainline": false, "is_ramp": true, "is_interchange_related": true, "interchange_name": "Tappal / Aligarh (SH-22) Interchange", "chainage_start_km": null, "chainage_end_km": null, "length_m": 34.390083110801548, "road_class": "motorway_link", "name": "Yamuna Expressway", "lanes": null, "maxspeed": null, "start_node": "3816367263", "end_node": "3816367125", "subsegment_index": 0, "total_subsegments": 1 }, "geometry": { "type": "LineString", "coordinates": [ [ 77.5971178, 28.0358983 ], [ 77.5970897, 28.0357841 ], [ 77.5970527, 28.0355936 ] ] } },
{ "type": "Feature", "properties": { "segment_id": "YE_RAMP_023", "source_edge_id": "3816367147_3816367125_0", "direction": "SB", "is_mainline": false, "is_ramp": true, "is_interchange_related": true, "interchange_name": "Tappal / Aligarh (SH-22) Interchange", "chainage_start_km": null, "chainage_end_km": null, "length_m": 36.203807672093781, "road_class": "motorway_link", "name": "Yamuna Expressway", "lanes": null, "maxspeed": null, "start_node": "3816367147", "end_node": "3816367125", "subsegment_index": 0, "total_subsegments": 1 }, "geometry": { "type": "LineString", "coordinates": [ [ 77.5973401, 28.0357956 ], [ 77.5972458, 28.0357119 ], [ 77.5970527, 28.0355936 ] ] } },
{ "type": "Feature", "properties": { "segment_id": "YE_RAMP_024", "source_edge_id": "3816367229_3816367272_0", "direction": "NB", "is_mainline": false, "is_ramp": true, "is_interchange_related": true, "interchange_name": "Tappal / Aligarh (SH-22) Interchange", "chainage_start_km": null, "chainage_end_km": null, "length_m": 1010.598979114836, "road_class": "motorway_link", "name": "Yamuna Expressway", "lanes": 3.0, "maxspeed": null, "start_node": "3816367229", "end_node": "3816367272", "subsegment_index": 0, "total_subsegments": 1 }, "geometry": { "type": "LineString", "coordinates": [ [ 77.5935591, 28.0317734 ], [ 77.5935009, 28.0322613 ], [ 77.5934854, 28.0323406 ], [ 77.5934746, 28.0324543 ], [ 77.5934478, 28.0326389 ], [ 77.5933083, 28.0330745 ], [ 77.5931742, 28.0335054 ], [ 77.5930503, 28.0338854 ], [ 77.592788, 28.0343672 ], [ 77.592493, 28.0347602 ], [ 77.5921604, 28.0351532 ], [ 77.5917848, 28.0354847 ], [ 77.5903096, 28.0365784 ], [ 77.58938160000001, 28.0373313 ], [ 77.5889256, 28.0378332 ], [ 77.5881816, 28.0388036 ], [ 77.5879648, 28.0390843 ] ] } },
{ "type": "Feature", "properties": { "segment_id": "YE_RAMP_025", "source_edge_id": "3816367125_3816367074_0", "direction": "SB", "is_mainline": false, "is_ramp": true, "is_interchange_related": true, "interchange_name": "Tappal / Aligarh (SH-22) Interchange", "chainage_start_km": null, "chainage_end_km": null, "length_m": 554.44358305041874, "road_class": "motorway_link", "name": "Yamuna Expressway", "lanes": null, "maxspeed": null, "start_node": "3816367125", "end_node": "3816367074", "subsegment_index": 0, "total_subsegments": 1 }, "geometry": { "type": "LineString", "coordinates": [ [ 77.5970527, 28.0355936 ], [ 77.5959637, 28.0347413 ], [ 77.5945904, 28.033657 ], [ 77.5943437, 28.0334249 ], [ 77.5941667, 28.0331835 ], [ 77.5939789, 28.0327052 ], [ 77.5939247, 28.0325359 ], [ 77.5939145, 28.0323738 ], [ 77.593818, 28.03175 ] ] } },
{ "type": "Feature", "properties": { "segment_id": "YE_RAMP_026", "source_edge_id": "2044427046_2044427054_1", "direction": "NB", "is_mainline": false, "is_ramp": true, "is_interchange_related": true, "interchange_name": "Raya / Mathura-Vrindavan Interchange", "chainage_start_km": null, "chainage_end_km": null, "length_m": 530.02734362999672, "road_class": "motorway_link", "name": "Yamuna Expressway", "lanes": null, "maxspeed": null, "start_node": "2044427046", "end_node": "2044427054", "subsegment_index": 0, "total_subsegments": 1 }, "geometry": { "type": "LineString", "coordinates": [ [ 77.7435528, 27.6091867 ], [ 77.743179200000014, 27.6099871 ], [ 77.7428788, 27.6107524 ], [ 77.7425783, 27.6118677 ], [ 77.7424604, 27.6123163 ], [ 77.7422351, 27.6134286 ], [ 77.7422548, 27.6137933 ] ] } },
{ "type": "Feature", "properties": { "segment_id": "YE_RAMP_027", "source_edge_id": "6281738197_6281738195_0", "direction": "NB", "is_mainline": false, "is_ramp": true, "is_interchange_related": true, "interchange_name": "Raya / Mathura-Vrindavan Interchange", "chainage_start_km": null, "chainage_end_km": null, "length_m": 265.36535169615956, "road_class": "motorway_link", "name": "Yamuna Expressway", "lanes": null, "maxspeed": null, "start_node": "6281738197", "end_node": "6281738195", "subsegment_index": 0, "total_subsegments": 1 }, "geometry": { "type": "LineString", "coordinates": [ [ 77.7523309, 27.5521689 ], [ 77.7514136, 27.5535719 ], [ 77.7511081, 27.5542918 ] ] } },
{ "type": "Feature", "properties": { "segment_id": "YE_RAMP_028", "source_edge_id": "6281738199_6281738118_0", "direction": "SB", "is_mainline": false, "is_ramp": true, "is_interchange_related": true, "interchange_name": "Raya / Mathura-Vrindavan Interchange", "chainage_start_km": null, "chainage_end_km": null, "length_m": 294.4247728359307, "road_class": "motorway_link", "name": "Yamuna Expressway", "lanes": null, "maxspeed": null, "start_node": "6281738199", "end_node": "6281738118", "subsegment_index": 0, "total_subsegments": 1 }, "geometry": { "type": "LineString", "coordinates": [ [ 77.752911, 27.5521697 ], [ 77.753210700000011, 27.5520072 ], [ 77.7535647, 27.5515387 ], [ 77.7541146, 27.5509014 ], [ 77.754364, 27.5505495 ], [ 77.7546475, 27.5500521 ] ] } },
{ "type": "Feature", "properties": { "segment_id": "YE_RAMP_029", "source_edge_id": "6281738118_13283061479_0", "direction": "SB", "is_mainline": false, "is_ramp": true, "is_interchange_related": true, "interchange_name": "Raya / Mathura-Vrindavan Interchange", "chainage_start_km": null, "chainage_end_km": null, "length_m": 27.974347531976704, "road_class": "motorway_link", "name": "Yamuna Expressway", "lanes": null, "maxspeed": null, "start_node": "6281738118", "end_node": "13283061479", "subsegment_index": 0, "total_subsegments": 1 }, "geometry": { "type": "LineString", "coordinates": [ [ 77.7546475, 27.5500521 ], [ 77.754781, 27.5498296 ] ] } },
{ "type": "Feature", "properties": { "segment_id": "YE_RAMP_030", "source_edge_id": "13283061479_6281738241_0", "direction": "SB", "is_mainline": false, "is_ramp": true, "is_interchange_related": true, "interchange_name": "Raya / Mathura-Vrindavan Interchange", "chainage_start_km": null, "chainage_end_km": null, "length_m": 86.680323357066356, "road_class": "motorway_link", "name": "Yamuna Expressway", "lanes": null, "maxspeed": null, "start_node": "13283061479", "end_node": "6281738241", "subsegment_index": 0, "total_subsegments": 1 }, "geometry": { "type": "LineString", "coordinates": [ [ 77.754781, 27.5498296 ], [ 77.7548448, 27.5497234 ], [ 77.7548844, 27.5496553 ], [ 77.7550036, 27.5494265 ], [ 77.7550451, 27.5493468 ], [ 77.7551606, 27.549125 ] ] } },
{ "type": "Feature", "properties": { "segment_id": "YE_RAMP_031", "source_edge_id": "4519043442_6281738197_0", "direction": "NB", "is_mainline": false, "is_ramp": true, "is_interchange_related": true, "interchange_name": "Raya / Mathura-Vrindavan Interchange", "chainage_start_km": null, "chainage_end_km": null, "length_m": 696.52752033607146, "road_class": "motorway_link", "name": "Yamuna Expressway", "lanes": null, "maxspeed": null, "start_node": "4519043442", "end_node": "6281738197", "subsegment_index": 0, "total_subsegments": 1 }, "geometry": { "type": "LineString", "coordinates": [ [ 77.7553967, 27.5465311 ], [ 77.7548589, 27.54785 ], [ 77.7544505, 27.5487346 ], [ 77.7531516, 27.5509894 ], [ 77.7523309, 27.5521689 ] ] } },
{ "type": "Feature", "properties": { "segment_id": "YE_RAMP_032", "source_edge_id": "6281738241_6281738208_0", "direction": "SB", "is_mainline": false, "is_ramp": true, "is_interchange_related": true, "interchange_name": "Raya / Mathura-Vrindavan Interchange", "chainage_start_km": null, "chainage_end_km": null, "length_m": 294.92125203694542, "road_class": "motorway_link", "name": "Yamuna Expressway", "lanes": null, "maxspeed": null, "start_node": "6281738241", "end_node": "6281738208", "subsegment_index": 0, "total_subsegments": 1 }, "geometry": { "type": "LineString", "coordinates": [ [ 77.7551606, 27.549125 ], [ 77.7552786, 27.5487802 ], [ 77.7555147, 27.548081 ], [ 77.7558392, 27.5472962 ], [ 77.7559185, 27.5465666 ] ] } },
{ "type": "Feature", "properties": { "segment_id": "YE_RAMP_033", "source_edge_id": "6281738211_4519043442_0", "direction": "NB", "is_mainline": false, "is_ramp": true, "is_interchange_related": true, "interchange_name": "Raya / Mathura-Vrindavan Interchange", "chainage_start_km": null, "chainage_end_km": null, "length_m": 546.60526113117328, "road_class": "motorway_link", "name": "Yamuna Expressway", "lanes": null, "maxspeed": null, "start_node": "6281738211", "end_node": "4519043442", "subsegment_index": 0, "total_subsegments": 1 }, "geometry": { "type": "LineString", "coordinates": [ [ 77.757094, 27.5418495 ], [ 77.7568156, 27.5424543 ], [ 77.7565956, 27.5431796 ], [ 77.7563864, 27.5439026 ], [ 77.7560914, 27.5444686 ], [ 77.755968, 27.5447588 ], [ 77.7557963, 27.5452891 ], [ 77.7553967, 27.5465311 ] ] } },
{ "type": "Feature", "properties": { "segment_id": "YE_RAMP_034", "source_edge_id": "2044426602_13584092841_0", "direction": "NB", "is_mainline": false, "is_ramp": true, "is_interchange_related": true, "interchange_name": "Raya / Mathura-Vrindavan Interchange", "chainage_start_km": null, "chainage_end_km": null, "length_m": 865.10381960260065, "road_class": "motorway_link", "name": "Yamuna Expressway", "lanes": 2.0, "maxspeed": null, "start_node": "2044426602", "end_node": "13584092841", "subsegment_index": 0, "total_subsegments": 1 }, "geometry": { "type": "LineString", "coordinates": [ [ 77.7609831, 27.534249 ], [ 77.7612946, 27.5339173 ], [ 77.7619427, 27.5329595 ], [ 77.7622176, 27.5327788 ], [ 77.7624778, 27.5326787 ], [ 77.7627356, 27.5326526 ], [ 77.763035, 27.5326896 ], [ 77.763229, 27.5327788 ], [ 77.7633934, 27.5329029 ], [ 77.7635113, 27.5330466 ], [ 77.7636119, 27.5331881 ], [ 77.7636733, 27.5333753 ], [ 77.7636806, 27.5335646 ], [ 77.7636266, 27.533754 ], [ 77.76356530000001, 27.5339456 ], [ 77.7634548, 27.534111 ], [ 77.7631921, 27.5343221 ], [ 77.7629314, 27.5345161 ], [ 77.7625048, 27.5348337 ], [ 77.7612234, 27.5358698 ], [ 77.760529, 27.5364294 ] ] } },
{ "type": "Feature", "properties": { "segment_id": "YE_RAMP_035", "source_edge_id": "13584092842_2044426676_0", "direction": "SB", "is_mainline": false, "is_ramp": true, "is_interchange_related": true, "interchange_name": "Raya / Mathura-Vrindavan Interchange", "chainage_start_km": null, "chainage_end_km": null, "length_m": 947.74839965895842, "road_class": "motorway_link", "name": "Yamuna Expressway", "lanes": 2.0, "maxspeed": null, "start_node": "13584092842", "end_node": "2044426676", "subsegment_index": 0, "total_subsegments": 1 }, "geometry": { "type": "LineString", "coordinates": [ [ 77.7606765, 27.5365036 ], [ 77.7617659, 27.5356521 ], [ 77.76304, 27.5346334 ], [ 77.7632609, 27.5344658 ], [ 77.7636414, 27.5341328 ], [ 77.7637592, 27.5339456 ], [ 77.7638206, 27.533778 ], [ 77.7638525, 27.5335821 ], [ 77.7637985, 27.5332447 ], [ 77.7637396, 27.5329987 ], [ 77.7636659, 27.5326874 ], [ 77.7635726, 27.5323348 ], [ 77.7634843, 27.5319756 ], [ 77.7633959, 27.531599 ], [ 77.7633763, 27.5314379 ], [ 77.7633934, 27.5310548 ], [ 77.7634474, 27.5305672 ], [ 77.7640169, 27.529567 ], [ 77.7640382, 27.5293419 ] ] } },
{ "type": "Feature", "properties": { "segment_id": "YE_RAMP_036", "source_edge_id": "13584094059_2044426814_0", "direction": "SB", "is_mainline": false, "is_ramp": true, "is_interchange_related": true, "interchange_name": "Raya / Mathura-Vrindavan Interchange", "chainage_start_km": null, "chainage_end_km": null, "length_m": 941.4199003498527, "road_class": "motorway_link", "name": "Yamuna Expressway", "lanes": 2.0, "maxspeed": null, "start_node": "13584094059", "end_node": "2044426814", "subsegment_index": 0, "total_subsegments": 1 }, "geometry": { "type": "LineString", "coordinates": [ [ 77.7576017, 27.53494 ], [ 77.7583784, 27.5333774 ], [ 77.7590608, 27.5319604 ], [ 77.759274300000016, 27.5316404 ], [ 77.7595272, 27.5314358 ], [ 77.7598635, 27.5312486 ], [ 77.760290600000019, 27.5311941 ], [ 77.7606515, 27.5312377 ], [ 77.7610148, 27.5314271 ], [ 77.7613904, 27.5317122 ], [ 77.7615205, 27.5319364 ], [ 77.7615843, 27.5321062 ], [ 77.7616334, 27.5323021 ], [ 77.7616211, 27.5325002 ], [ 77.7615671, 27.5326896 ], [ 77.7614787, 27.5328637 ], [ 77.7609043, 27.5337562 ], [ 77.76077, 27.5341791 ] ] } },
{ "type": "Feature", "properties": { "segment_id": "YE_RAMP_037", "source_edge_id": "2044426597_13584094058_0", "direction": "NB", "is_mainline": false, "is_ramp": true, "is_interchange_related": true, "interchange_name": "Raya / Mathura-Vrindavan Interchange", "chainage_start_km": null, "chainage_end_km": null, "length_m": 974.84916241230849, "road_class": "motorway_link", "name": "Yamuna Expressway", "lanes": 2.0, "maxspeed": null, "start_node": "2044426597", "end_node": "13584094058", "subsegment_index": 0, "total_subsegments": 1 }, "geometry": { "type": "LineString", "coordinates": [ [ 77.7638325, 27.5292785 ], [ 77.7636856, 27.5293537 ], [ 77.7632167, 27.5301406 ], [ 77.76279940000002, 27.5305237 ], [ 77.7626345, 27.5306281 ], [ 77.7625024, 27.5307153 ], [ 77.7622323, 27.5308655 ], [ 77.7618887, 27.530983 ], [ 77.761518, 27.5310701 ], [ 77.7612676, 27.5311049 ], [ 77.7608453, 27.5310773 ], [ 77.760244, 27.5310396 ], [ 77.7596867, 27.5311484 ], [ 77.7593799, 27.531316 ], [ 77.7590068, 27.5316535 ], [ 77.7588153, 27.5320322 ], [ 77.7578702, 27.5340675 ], [ 77.7574806, 27.5348697 ] ] } },
{ "type": "Feature", "properties": { "segment_id": "YE_RAMP_038", "source_edge_id": "9891032725_11881660636_0", "direction": "NB", "is_mainline": false, "is_ramp": true, "is_interchange_related": true, "interchange_name": "Agra / Kuberpur (NH-19 Terminus)", "chainage_start_km": null, "chainage_end_km": null, "length_m": 2733.3908326240021, "road_class": [ "motorway_link", "motorway" ], "name": "Yamuna Expressway", "lanes": 3.0, "maxspeed": 120.0, "start_node": "9891032725", "end_node": "11881660636", "subsegment_index": 0, "total_subsegments": 1 }, "geometry": { "type": "LineString", "coordinates": [ [ 78.0676501, 27.1145591 ], [ 78.0682188, 27.1148515 ], [ 78.0690351, 27.1154241 ], [ 78.070214900000011, 27.1163351 ], [ 78.0703445, 27.116398 ], [ 78.0704522, 27.1164507 ], [ 78.0705821, 27.1165008 ], [ 78.0706769, 27.1165694 ], [ 78.0734584, 27.1189764 ], [ 78.0747756, 27.1201162 ], [ 78.0748553, 27.1201852 ], [ 78.0773569, 27.12235 ], [ 78.0774377, 27.1224199 ], [ 78.0790234, 27.1237921 ], [ 78.0813742, 27.1258202 ], [ 78.081567, 27.1259799 ], [ 78.0837339, 27.1278393 ], [ 78.0838909, 27.12798 ], [ 78.0839764, 27.1280567 ], [ 78.0877057, 27.131399 ] ] } },
{ "type": "Feature", "properties": { "segment_id": "YE_RAMP_039", "source_edge_id": "11881660640_9891032600_0", "direction": "SB", "is_mainline": false, "is_ramp": true, "is_interchange_related": true, "interchange_name": "Agra / Kuberpur (NH-19 Terminus)", "chainage_start_km": null, "chainage_end_km": null, "length_m": 2715.1526635124233, "road_class": [ "motorway_link", "motorway" ], "name": "Yamuna Expressway", "lanes": 3.0, "maxspeed": 100.0, "start_node": "11881660640", "end_node": "9891032600", "subsegment_index": 0, "total_subsegments": 1 }, "geometry": { "type": "LineString", "coordinates": [ [ 78.0877566, 27.1310648 ], [ 78.0849195, 27.1285363 ], [ 78.0841733, 27.1278915 ], [ 78.0840862, 27.1278162 ], [ 78.081787, 27.1258232 ], [ 78.0815485, 27.1256303 ], [ 78.0814058, 27.1254998 ], [ 78.0792021, 27.1236358 ], [ 78.0776513, 27.1222909 ], [ 78.0775706, 27.1222209 ], [ 78.0750307, 27.1200163 ], [ 78.0749511, 27.1199472 ], [ 78.070772300000016, 27.1163256 ], [ 78.0707209, 27.1162219 ], [ 78.0706194, 27.1161132 ], [ 78.0705013, 27.1159946 ], [ 78.069835, 27.1153936 ], [ 78.0688634, 27.1146148 ], [ 78.0680923, 27.1140587 ] ] } }
]
}
